trial_id,family,eligible,ack_to_dispatch_s,close_delay_s,overshoot_ms,close_to_dispatch_s,mapping_uncertainty_ms,uptime_planned_s,uptime_launch_s,uptime_ACK_s
scientific-application_and_background_activity-00001,application_and_background_activity,True,2.7577145,1.0018000000000011,7.7145,,,,,
scientific-application_and_background_activity-00002,application_and_background_activity,True,5.000011417,,0.011417,,,,,
scientific-application_and_background_activity-00003,application_and_background_activity,True,2.509025125,0.0001000000000003638,9.025125,,,,,
scientific-application_and_background_activity-00004,application_and_background_activity,True,15.009018375,,9.018375,,,,,
scientific-application_and_background_activity-00005,application_and_background_activity,True,2.759025083,1.001,9.025083,,,,,
scientific-application_and_background_activity-00006,application_and_background_activity,True,2.75902125,1.0015999999999985,9.02125,,,,,
scientific-application_and_background_activity-00007,application_and_background_activity,True,5.001491125,,1.491125,,,,,
scientific-application_and_background_activity-00008,application_and_background_activity,True,15.001454459,,1.454459,,,,,
scientific-application_and_background_activity-00009,application_and_background_activity,True,2.500007583,0.0001000000000003638,0.007583,,,,,
scientific-application_and_background_activity-00010,application_and_background_activity,True,5.005258,,5.258,,,,,
scientific-application_and_background_activity-00011,application_and_background_activity,True,15.004028125,,4.028125,,,,,
scientific-application_and_background_activity-00012,application_and_background_activity,True,2.502092625,0.0002000000000007276,2.092625,,,,,
scientific-application_and_background_activity-00013,application_and_background_activity,True,2.754024791,1.0013000000000012,4.024791,,,,,
scientific-application_and_background_activity-00014,application_and_background_activity,True,15.00403525,,4.03525,,,,,
scientific-application_and_background_activity-00015,application_and_background_activity,True,5.004028125,,4.028125,,,,,
scientific-application_and_background_activity-00016,application_and_background_activity,True,2.504044292,0.0001999999999989086,4.044292,,,,,
scientific-application_and_background_activity-00017,application_and_background_activity,True,2.509026834,0.0001000000000003638,9.026834,,,,,
scientific-application_and_background_activity-00018,application_and_background_activity,True,5.005554208,,5.554208,,,,,
scientific-application_and_background_activity-00019,application_and_background_activity,True,2.759021333,1.000300000000001,9.021333,,,,,
scientific-application_and_background_activity-00020,application_and_background_activity,True,15.009030292,,9.030292,,,,,
scientific-application_and_background_activity-00021,application_and_background_activity,True,2.752575333,1.0001999999999989,2.575333,,,,,
scientific-application_and_background_activity-00022,application_and_background_activity,True,2.506522791,0.0002000000000007276,6.522791,,,,,
scientific-application_and_background_activity-00023,application_and_background_activity,True,2.50279225,0.0002000000000007276,2.79225,,,,,
scientific-application_and_background_activity-00024,application_and_background_activity,True,15.008735834,,8.735834,,,,,
scientific-application_and_background_activity-00025,application_and_background_activity,True,5.008219542,,8.219542,,,,,
scientific-application_and_background_activity-00026,application_and_background_activity,True,2.759027458,1.0061999999999989,9.027458,,,,,
scientific-application_and_background_activity-00027,application_and_background_activity,True,2.502105916,0.0002000000000007276,2.105916,,,,,
scientific-application_and_background_activity-00028,application_and_background_activity,True,2.750011834,1.0011000000000003,0.011834,,,,,
scientific-application_and_background_activity-00029,application_and_background_activity,True,15.009011958,,9.011958,,,,,
scientific-application_and_background_activity-00030,application_and_background_activity,True,5.000948791,,0.948791,,,,,
scientific-application_and_background_activity-00031,application_and_background_activity,True,5.009021458,,9.021458,,,,,
scientific-application_and_background_activity-00032,application_and_background_activity,True,15.006079583,,6.079583,,,,,
scientific-application_and_background_activity-00033,application_and_background_activity,True,2.755165833,1.0094000000000014,5.165833,,,,,
scientific-application_and_background_activity-00034,application_and_background_activity,True,5.000813125,,0.813125,,,,,
scientific-application_and_background_activity-00035,application_and_background_activity,True,15.00016125,,0.16125,,,,,
scientific-application_and_background_activity-00036,application_and_background_activity,True,15.001107958,,1.107958,,,,,
scientific-application_and_background_activity-00037,application_and_background_activity,True,2.509023708,0.0001999999999989086,9.023708,,,,,
scientific-application_and_background_activity-00038,application_and_background_activity,True,2.750030333,0.9996999999999989,0.030333,,,,,
scientific-application_and_background_activity-00039,application_and_background_activity,True,2.500008583,0.0002000000000007276,0.008583,,,,,
scientific-application_and_background_activity-00040,application_and_background_activity,True,15.000545042,,0.545042,,,,,
scientific-application_and_background_activity-00041,application_and_background_activity,True,2.509026083,0.0001000000000003638,9.026083,,,,,
scientific-application_and_background_activity-00042,application_and_background_activity,True,15.005492666,,5.492666,,,,,
scientific-application_and_background_activity-00043,application_and_background_activity,True,5.000005041,,0.005041,,,,,
scientific-application_and_background_activity-00044,application_and_background_activity,True,2.502391542,0.0002999999999992724,2.391542,,,,,
scientific-application_and_background_activity-00045,application_and_background_activity,True,2.759023583,1.0041999999999989,9.023583,,,,,
scientific-application_and_background_activity-00046,application_and_background_activity,True,5.001244,,1.244,,,,,
scientific-application_and_background_activity-00047,application_and_background_activity,True,5.00272325,,2.72325,,,,,
scientific-application_and_background_activity-00048,application_and_background_activity,True,2.75596725,1.0026000000000004,5.96725,,,,,
scientific-application_and_background_activity-00049,application_and_background_activity,True,15.003104666,,3.104666,,,,,
scientific-application_and_background_activity-00050,application_and_background_activity,True,2.502441917,0.0001000000000003638,2.441917,,,,,
scientific-application_and_background_activity-00051,application_and_background_activity,True,5.004913,,4.913,,,,,
scientific-application_and_background_activity-00052,application_and_background_activity,True,2.757908417,1.0016000000000003,7.908417,,,,,
scientific-application_and_background_activity-00053,application_and_background_activity,True,15.006773542,,6.773542,,,,,
scientific-application_and_background_activity-00054,application_and_background_activity,True,5.009024208,,9.024208,,,,,
scientific-application_and_background_activity-00055,application_and_background_activity,True,2.503659042,0.0001000000000003638,3.659042,,,,,
scientific-application_and_background_activity-00056,application_and_background_activity,True,2.509027167,0.0002000000000007276,9.027167,,,,,
scientific-application_and_background_activity-00057,application_and_background_activity,True,5.000005334,,0.005334,,,,,
scientific-application_and_background_activity-00058,application_and_background_activity,True,5.000007417,,0.007417,,,,,
scientific-application_and_background_activity-00059,application_and_background_activity,True,15.004607167,,4.607167,,,,,
scientific-application_and_background_activity-00060,application_and_background_activity,True,2.509051708,0.0001000000000003638,9.051708,,,,,
scientific-application_and_background_activity-00061,application_and_background_activity,True,15.009019584,,9.019584,,,,,
scientific-application_and_background_activity-00062,application_and_background_activity,True,2.757833208,0.9997000000000007,7.833208,,,,,
scientific-application_and_background_activity-00063,application_and_background_activity,True,2.755885084,1.0001999999999989,5.885084,,,,,
scientific-application_and_background_activity-00064,application_and_background_activity,True,2.751914083,1.0072000000000008,1.914083,,,,,
scientific-application_and_background_activity-00065,application_and_background_activity,True,2.753870375,1.0016000000000003,3.870375,,,,,
scientific-application_and_background_activity-00066,application_and_background_activity,True,2.500010917,0.0001000000000003638,0.010917,,,,,
scientific-application_and_background_activity-00067,application_and_background_activity,True,2.5090305,0.0001000000000003638,9.0305,,,,,
scientific-application_and_background_activity-00068,application_and_background_activity,True,5.007194208,,7.194208,,,,,
scientific-application_and_background_activity-00069,application_and_background_activity,True,5.009028333,,9.028333,,,,,
scientific-application_and_background_activity-00070,application_and_background_activity,True,2.502363708,0.0,2.363708,,,,,
scientific-application_and_background_activity-00071,application_and_background_activity,True,2.75602125,1.0077999999999994,6.02125,,,,,
scientific-application_and_background_activity-00072,application_and_background_activity,True,2.758459375,1.0026000000000004,8.459375,,,,,
scientific-application_and_background_activity-00073,application_and_background_activity,True,15.00319975,,3.19975,,,,,
scientific-application_and_background_activity-00074,application_and_background_activity,True,15.006916458,,6.916458,,,,,
scientific-application_and_background_activity-00075,application_and_background_activity,True,5.0025165,,2.5165,,,,,
scientific-application_and_background_activity-00076,application_and_background_activity,True,5.000393542,,0.393542,,,,,
scientific-application_and_background_activity-00077,application_and_background_activity,True,2.755999292,1.0061000000000004,5.999292,,,,,
scientific-application_and_background_activity-00078,application_and_background_activity,True,15.006442917,,6.442917,,,,,
scientific-application_and_background_activity-00079,application_and_background_activity,True,2.508826,0.0001000000000003638,8.826,,,,,
scientific-application_and_background_activity-00080,application_and_background_activity,True,15.002859125,,2.859125,,,,,
scientific-application_and_background_activity-00081,application_and_background_activity,True,2.759026166,1.0012999999999992,9.026166,,,,,
scientific-application_and_background_activity-00082,application_and_background_activity,True,2.759025042,1.0079000000000014,9.025042,,,,,
scientific-application_and_background_activity-00083,application_and_background_activity,True,15.00866075,,8.66075,,,,,
scientific-application_and_background_activity-00084,application_and_background_activity,True,2.50514925,0.0001000000000003638,5.14925,,,,,
scientific-application_and_background_activity-00085,application_and_background_activity,True,5.008879417,,8.879417,,,,,
scientific-application_and_background_activity-00086,application_and_background_activity,True,2.509034375,0.0002000000000007276,9.034375,,,,,
scientific-application_and_background_activity-00087,application_and_background_activity,True,5.009033166,,9.033166,,,,,
scientific-application_and_background_activity-00088,application_and_background_activity,True,2.750011458,1.0065,0.011458,,,,,
scientific-application_and_background_activity-00089,application_and_background_activity,True,15.009026,,9.026,,,,,
scientific-application_and_background_activity-00090,application_and_background_activity,True,2.500572917,0.0001000000000003638,0.572917,,,,,
scientific-application_and_background_activity-00091,application_and_background_activity,True,2.75853425,1.0092999999999992,8.53425,,,,,
scientific-application_and_background_activity-00092,application_and_background_activity,True,2.503848666,0.0002000000000007276,3.848666,,,,,
scientific-application_and_background_activity-00093,application_and_background_activity,True,5.005035666,,5.035666,,,,,
scientific-application_and_background_activity-00094,application_and_background_activity,True,15.009024208,,9.024208,,,,,
scientific-application_and_background_activity-00095,application_and_background_activity,True,5.009022667,,9.022667,,,,,
scientific-application_and_background_activity-00096,application_and_background_activity,True,15.002879209,,2.879209,,,,,
scientific-application_and_background_activity-00097,application_and_background_activity,True,2.5009305,0.0,0.9305,,,,,
scientific-application_and_background_activity-00098,application_and_background_activity,True,2.758439625,1.01,8.439625,,,,,
scientific-application_and_background_activity-00099,application_and_background_activity,True,5.000714,,0.714,,,,,
scientific-application_and_background_activity-00100,application_and_background_activity,True,15.009020625,,9.020625,,,,,
scientific-application_and_background_activity-00101,application_and_background_activity,True,2.750007084,1.001,0.007084,,,,,
scientific-application_and_background_activity-00102,application_and_background_activity,True,5.003471042,,3.471042,,,,,
scientific-application_and_background_activity-00103,application_and_background_activity,True,5.00238775,,2.38775,,,,,
scientific-application_and_background_activity-00104,application_and_background_activity,True,5.00693025,,6.93025,,,,,
scientific-application_and_background_activity-00105,application_and_background_activity,True,2.500503,0.0,0.503,,,,,
scientific-application_and_background_activity-00106,application_and_background_activity,True,2.50510025,9.99999999985448e-05,5.10025,,,,,
scientific-application_and_background_activity-00107,application_and_background_activity,True,15.009035542,,9.035542,,,,,
scientific-application_and_background_activity-00108,application_and_background_activity,True,2.753200916,0.9995,3.200916,,,,,
scientific-application_and_background_activity-00109,application_and_background_activity,True,15.004460459,,4.460459,,,,,
scientific-application_and_background_activity-00110,application_and_background_activity,True,2.757117208,1.001,7.117208,,,,,
scientific-application_and_background_activity-00111,application_and_background_activity,True,15.0018155,,1.8155,,,,,
scientific-application_and_background_activity-00112,application_and_background_activity,True,2.508311625,0.0001999999999989086,8.311625,,,,,
scientific-application_and_background_activity-00113,application_and_background_activity,True,2.507080209,0.0003999999999996362,7.080209,,,,,
scientific-application_and_background_activity-00114,application_and_background_activity,True,2.7568005,0.9998999999999997,6.8005,,,,,
scientific-application_and_background_activity-00115,application_and_background_activity,True,2.755982333,1.0047999999999992,5.982333,,,,,
scientific-application_and_background_activity-00116,application_and_background_activity,True,2.509022,0.0001000000000003638,9.022,,,,,
scientific-application_and_background_activity-00117,application_and_background_activity,True,5.007765375,,7.765375,,,,,
scientific-application_and_background_activity-00118,application_and_background_activity,True,5.009030584,,9.030584,,,,,
scientific-application_and_background_activity-00119,application_and_background_activity,True,15.008486958,,8.486958,,,,,
scientific-application_and_background_activity-00120,application_and_background_activity,True,2.509025584,0.0001000000000003638,9.025584,,,,,
scientific-application_and_background_activity-00121,application_and_background_activity,True,15.009014916,,9.014916,,,,,
scientific-application_and_background_activity-00122,application_and_background_activity,True,5.007228875,,7.228875,,,,,
scientific-application_and_background_activity-00123,application_and_background_activity,True,2.757563625,1.0021999999999989,7.563625,,,,,
scientific-application_and_background_activity-00124,application_and_background_activity,True,2.50909575,0.0001000000000003638,9.09575,,,,,
scientific-application_and_background_activity-00125,application_and_background_activity,True,15.00906575,,9.06575,,,,,
scientific-application_and_background_activity-00126,application_and_background_activity,True,5.003370834,,3.370834,,,,,
scientific-application_and_background_activity-00127,application_and_background_activity,True,2.7590975,1.0007999999999992,9.0975,,,,,
scientific-application_and_background_activity-00128,application_and_background_activity,True,15.009085209,,9.085209,,,,,
scientific-application_and_background_activity-00129,application_and_background_activity,True,2.750036917,1.004,0.036917,,,,,
scientific-application_and_background_activity-00130,application_and_background_activity,True,2.509108084,0.0001000000000003638,9.108084,,,,,
scientific-application_and_background_activity-00131,application_and_background_activity,True,5.00911275,,9.11275,,,,,
scientific-application_and_background_activity-00132,application_and_background_activity,True,15.00908275,,9.08275,,,,,
scientific-application_and_background_activity-00133,application_and_background_activity,True,2.509072208,0.0001000000000003638,9.072208,,,,,
scientific-application_and_background_activity-00134,application_and_background_activity,True,15.009087375,,9.087375,,,,,
scientific-application_and_background_activity-00135,application_and_background_activity,True,2.759109875,1.0051000000000003,9.109875,,,,,
scientific-application_and_background_activity-00136,application_and_background_activity,True,15.009044916,,9.044916,,,,,
scientific-application_and_background_activity-00137,application_and_background_activity,True,5.009075625,,9.075625,,,,,
scientific-application_and_background_activity-00138,application_and_background_activity,True,2.756720042,1.003,6.720042,,,,,
scientific-application_and_background_activity-00139,application_and_background_activity,True,2.759110041,1.01,9.110041,,,,,
scientific-application_and_background_activity-00140,application_and_background_activity,True,2.509111833,0.0002000000000007276,9.111833,,,,,
scientific-application_and_background_activity-00141,application_and_background_activity,True,5.00460375,,4.60375,,,,,
scientific-application_and_background_activity-00142,application_and_background_activity,True,15.00914775,,9.14775,,,,,
scientific-application_and_background_activity-00143,application_and_background_activity,True,5.009096375,,9.096375,,,,,
scientific-application_and_background_activity-00144,application_and_background_activity,True,2.5090805,0.0001000000000003638,9.0805,,,,,
scientific-application_and_background_activity-00145,application_and_background_activity,True,2.5040695,9.99999999985448e-05,4.0695,,,,,
scientific-application_and_background_activity-00146,application_and_background_activity,True,2.50410025,0.0001000000000003638,4.10025,,,,,
scientific-application_and_background_activity-00147,application_and_background_activity,True,2.754095709,1.0058999999999996,4.095709,,,,,
scientific-application_and_background_activity-00148,application_and_background_activity,True,2.504083,0.0001000000000003638,4.083,,,,,
scientific-application_and_background_activity-00149,application_and_background_activity,True,15.009059708,,9.059708,,,,,
scientific-application_and_background_activity-00150,application_and_background_activity,True,2.759086167,1.005199999999999,9.086167,,,,,
scientific-application_and_background_activity-00151,application_and_background_activity,True,2.752349708,1.004300000000001,2.349708,,,,,
scientific-application_and_background_activity-00152,application_and_background_activity,True,15.00408375,,4.08375,,,,,
scientific-application_and_background_activity-00153,application_and_background_activity,True,5.00412325,,4.12325,,,,,
scientific-application_and_background_activity-00154,application_and_background_activity,True,5.004116917,,4.116917,,,,,
scientific-application_and_background_activity-00155,application_and_background_activity,True,15.004126583,,4.126583,,,,,
scientific-application_and_background_activity-00156,application_and_background_activity,True,15.0041005,,4.1005,,,,,
scientific-application_and_background_activity-00157,application_and_background_activity,True,5.004097625,,4.097625,,,,,
scientific-application_and_background_activity-00158,application_and_background_activity,True,2.504077125,0.0002000000000007276,4.077125,,,,,
scientific-application_and_background_activity-00159,application_and_background_activity,True,5.004102834,,4.102834,,,,,
scientific-application_and_background_activity-00160,application_and_background_activity,True,2.754082167,0.9998999999999997,4.082167,,,,,
scientific-block_state_recovery-00001,block_state_recovery,True,5.004149,,4.149,,,,,
scientific-block_state_recovery-00002,block_state_recovery,True,15.004081125,,4.081125,,,,,
scientific-block_state_recovery-00003,block_state_recovery,True,2.752242667,1.0058999999999996,2.242667,,,,,
scientific-block_state_recovery-00004,block_state_recovery,True,15.009104417,,9.104417,,,,,
scientific-block_state_recovery-00005,block_state_recovery,True,5.009053,,9.053,,,,,
scientific-block_state_recovery-00006,block_state_recovery,True,2.509072541,0.0001000000000003638,9.072541,,,,,
scientific-block_state_recovery-00007,block_state_recovery,True,2.75909575,1.0,9.09575,,,,,
scientific-block_state_recovery-00008,block_state_recovery,True,2.509081417,0.0002000000000007276,9.081417,,,,,
scientific-block_state_recovery-00009,block_state_recovery,True,5.009115708,,9.115708,,,,,
scientific-block_state_recovery-00010,block_state_recovery,True,2.509142958,0.0,9.142958,,,,,
scientific-block_state_recovery-00011,block_state_recovery,True,15.00413525,,4.13525,,,,,
scientific-block_state_recovery-00012,block_state_recovery,True,2.750502459,1.0017000000000007,0.502459,,,,,
scientific-block_state_recovery-00013,block_state_recovery,True,5.004086125,,4.086125,,,,,
scientific-block_state_recovery-00014,block_state_recovery,True,2.509113791,0.0001000000000003638,9.113791,,,,,
scientific-block_state_recovery-00015,block_state_recovery,True,2.759083792,1.011,9.083792,,,,,
scientific-block_state_recovery-00016,block_state_recovery,True,15.009108667,,9.108667,,,,,
scientific-block_state_recovery-00017,block_state_recovery,True,5.009076542,,9.076542,,,,,
scientific-block_state_recovery-00018,block_state_recovery,True,15.009166,,9.166,,,,,
scientific-block_state_recovery-00019,block_state_recovery,True,2.75801,1.0012999999999992,8.01,,,,,
scientific-block_state_recovery-00020,block_state_recovery,True,5.004602,,4.602,,,,,
scientific-block_state_recovery-00021,block_state_recovery,True,15.0090945,,9.0945,,,,,
scientific-block_state_recovery-00022,block_state_recovery,True,2.759076375,1.0068999999999997,9.076375,,,,,
scientific-block_state_recovery-00023,block_state_recovery,True,2.509259334,0.0001000000000003638,9.259334,,,,,
scientific-block_state_recovery-00024,block_state_recovery,True,2.509145875,0.0001000000000003638,9.145875,,,,,
scientific-block_state_recovery-00025,block_state_recovery,True,2.509075209,0.0001000000000003638,9.075209,,,,,
scientific-block_state_recovery-00026,block_state_recovery,True,2.509161959,0.0001000000000003638,9.161959,,,,,
scientific-block_state_recovery-00027,block_state_recovery,True,15.00908725,,9.08725,,,,,
scientific-block_state_recovery-00028,block_state_recovery,True,2.50915225,0.0002000000000007276,9.15225,,,,,
scientific-block_state_recovery-00029,block_state_recovery,True,5.009158458,,9.158458,,,,,
scientific-block_state_recovery-00030,block_state_recovery,True,15.009122125,,9.122125,,,,,
scientific-block_state_recovery-00031,block_state_recovery,True,2.754078208,1.0008999999999997,4.078208,,,,,
scientific-block_state_recovery-00032,block_state_recovery,True,5.004086875,,4.086875,,,,,
scientific-block_state_recovery-00033,block_state_recovery,True,5.004105083,,4.105083,,,,,
scientific-block_state_recovery-00034,block_state_recovery,True,2.759078792,1.01,9.078792,,,,,
scientific-block_state_recovery-00035,block_state_recovery,True,2.759078833,1.0007999999999992,9.078833,,,,,
scientific-block_state_recovery-00036,block_state_recovery,True,15.009117375,,9.117375,,,,,
scientific-block_state_recovery-00037,block_state_recovery,True,5.009076375,,9.076375,,,,,
scientific-block_state_recovery-00038,block_state_recovery,True,2.756320167,1.002800000000001,6.320167,,,,,
scientific-block_state_recovery-00039,block_state_recovery,True,15.009179459,,9.179459,,,,,
scientific-block_state_recovery-00040,block_state_recovery,True,15.009121833,,9.121833,,,,,
scientific-block_state_recovery-00041,block_state_recovery,True,5.004581125,,4.581125,,,,,
scientific-block_state_recovery-00042,block_state_recovery,True,2.509055875,0.0001000000000003638,9.055875,,,,,
scientific-block_state_recovery-00043,block_state_recovery,True,15.00906725,,9.06725,,,,,
scientific-block_state_recovery-00044,block_state_recovery,True,2.509123833,0.0001000000000003638,9.123833,,,,,
scientific-block_state_recovery-00045,block_state_recovery,True,2.759101833,1.0086000000000004,9.101833,,,,,
scientific-block_state_recovery-00046,block_state_recovery,True,2.509099375,0.0001000000000003638,9.099375,,,,,
scientific-block_state_recovery-00047,block_state_recovery,True,5.009079917,,9.079917,,,,,
scientific-block_state_recovery-00048,block_state_recovery,True,2.759062875,1.0101999999999989,9.062875,,,,,
scientific-block_state_recovery-00049,block_state_recovery,True,5.009078709,,9.078709,,,,,
scientific-block_state_recovery-00050,block_state_recovery,True,5.009130666,,9.130666,,,,,
scientific-block_state_recovery-00051,block_state_recovery,True,2.752805459,1.002800000000001,2.805459,,,,,
scientific-block_state_recovery-00052,block_state_recovery,True,2.504135083,0.0001999999999989086,4.135083,,,,,
scientific-block_state_recovery-00053,block_state_recovery,True,2.759059667,1.0016000000000003,9.059667,,,,,
scientific-block_state_recovery-00054,block_state_recovery,True,15.009083667,,9.083667,,,,,
scientific-block_state_recovery-00055,block_state_recovery,True,15.009135584,,9.135584,,,,,
scientific-block_state_recovery-00056,block_state_recovery,True,15.009135042,,9.135042,,,,,
scientific-block_state_recovery-00057,block_state_recovery,True,2.509070959,0.0001999999999989086,9.070959,,,,,
scientific-block_state_recovery-00058,block_state_recovery,True,5.000033542,,0.033542,,,,,
scientific-block_state_recovery-00059,block_state_recovery,True,2.509122083,0.0002999999999992724,9.122083,,,,,
scientific-block_state_recovery-00060,block_state_recovery,True,2.750033458,1.0012000000000008,0.033458,,,,,
scientific-block_state_recovery-00061,block_state_recovery,True,15.00908,,9.08,,,,,
scientific-block_state_recovery-00062,block_state_recovery,True,5.009072083,,9.072083,,,,,
scientific-block_state_recovery-00063,block_state_recovery,True,5.009174834,,9.174834,,,,,
scientific-block_state_recovery-00064,block_state_recovery,True,2.751471542,1.0002999999999993,1.471542,,,,,
scientific-block_state_recovery-00065,block_state_recovery,True,15.009147583,,9.147583,,,,,
scientific-block_state_recovery-00066,block_state_recovery,True,2.509070417,0.0002000000000007276,9.070417,,,,,
scientific-block_state_recovery-00067,block_state_recovery,True,15.009126667,,9.126667,,,,,
scientific-block_state_recovery-00068,block_state_recovery,True,2.759088542,1.0112000000000008,9.088542,,,,,
scientific-block_state_recovery-00069,block_state_recovery,True,2.509119333,0.0002000000000007276,9.119333,,,,,
scientific-block_state_recovery-00070,block_state_recovery,True,2.7590765,1.0021000000000004,9.0765,,,,,
scientific-block_state_recovery-00071,block_state_recovery,True,2.504114584,9.99999999985448e-05,4.114584,,,,,
scientific-block_state_recovery-00072,block_state_recovery,True,5.009143625,,9.143625,,,,,
scientific-block_state_recovery-00073,block_state_recovery,True,2.755054833,1.0015,5.054833,,,,,
scientific-block_state_recovery-00074,block_state_recovery,True,2.50911825,0.0001000000000003638,9.11825,,,,,
scientific-block_state_recovery-00075,block_state_recovery,True,2.509059416,0.0001000000000003638,9.059416,,,,,
scientific-block_state_recovery-00076,block_state_recovery,True,5.009114667,,9.114667,,,,,
scientific-block_state_recovery-00077,block_state_recovery,True,5.009114417,,9.114417,,,,,
scientific-block_state_recovery-00078,block_state_recovery,True,15.004073416,,4.073416,,,,,
scientific-block_state_recovery-00079,block_state_recovery,True,2.751644875,1.0006000000000004,1.644875,,,,,
scientific-block_state_recovery-00080,block_state_recovery,True,2.758826709,1.0045,8.826709,,,,,
scientific-block_state_recovery-00081,block_state_recovery,True,5.009057084,,9.057084,,,,,
scientific-block_state_recovery-00082,block_state_recovery,True,2.509114292,0.0001000000000003638,9.114292,,,,,
scientific-block_state_recovery-00083,block_state_recovery,True,15.00411025,,4.11025,,,,,
scientific-block_state_recovery-00084,block_state_recovery,True,15.00914275,,9.14275,,,,,
scientific-block_state_recovery-00085,block_state_recovery,True,2.509081667,0.0002000000000007276,9.081667,,,,,
scientific-block_state_recovery-00086,block_state_recovery,True,5.009052417,,9.052417,,,,,
scientific-block_state_recovery-00087,block_state_recovery,True,2.509120625,0.0001000000000003638,9.120625,,,,,
scientific-block_state_recovery-00088,block_state_recovery,True,5.0091595,,9.1595,,,,,
scientific-block_state_recovery-00089,block_state_recovery,True,2.759087166,1.0013999999999996,9.087166,,,,,
scientific-block_state_recovery-00090,block_state_recovery,True,2.759085916,1.0015999999999985,9.085916,,,,,
scientific-block_state_recovery-00091,block_state_recovery,True,15.005685083,,5.685083,,,,,
scientific-block_state_recovery-00092,block_state_recovery,True,2.509149792,0.0002000000000007276,9.149792,,,,,
scientific-block_state_recovery-00093,block_state_recovery,True,2.759089917,1.01,9.089917,,,,,
scientific-block_state_recovery-00094,block_state_recovery,True,15.001186292,,1.186292,,,,,
scientific-block_state_recovery-00095,block_state_recovery,True,15.004126625,,4.126625,,,,,
scientific-block_state_recovery-00096,block_state_recovery,True,5.004113417,,4.113417,,,,,
scientific-block_state_recovery-00097,block_state_recovery,True,2.509080875,0.0,9.080875,,,,,
scientific-block_state_recovery-00098,block_state_recovery,True,5.009135167,,9.135167,,,,,
scientific-block_state_recovery-00099,block_state_recovery,True,15.008471958,,8.471958,,,,,
scientific-block_state_recovery-00100,block_state_recovery,True,5.009134458,,9.134458,,,,,
scientific-block_state_recovery-00101,block_state_recovery,True,15.009039791,,9.039791,,,,,
scientific-block_state_recovery-00102,block_state_recovery,True,2.7517015,1.0082999999999993,1.7015,,,,,
scientific-block_state_recovery-00103,block_state_recovery,True,2.752919209,1.0005,2.919209,,,,,
scientific-block_state_recovery-00104,block_state_recovery,True,15.009043958,,9.043958,,,,,
scientific-block_state_recovery-00105,block_state_recovery,True,2.504137875,0.0002000000000007276,4.137875,,,,,
scientific-block_state_recovery-00106,block_state_recovery,True,2.754130333,1.0060999999999984,4.130333,,,,,
scientific-block_state_recovery-00107,block_state_recovery,True,2.504084375,0.0001000000000003638,4.084375,,,,,
scientific-block_state_recovery-00108,block_state_recovery,True,5.0041505,,4.1505,,,,,
scientific-block_state_recovery-00109,block_state_recovery,True,5.0091515,,9.1515,,,,,
scientific-block_state_recovery-00110,block_state_recovery,True,2.509073625,9.99999999985448e-05,9.073625,,,,,
scientific-block_state_recovery-00111,block_state_recovery,True,15.000082625,,0.082625,,,,,
scientific-block_state_recovery-00112,block_state_recovery,True,2.754057917,1.005,4.057917,,,,,
scientific-block_state_recovery-00113,block_state_recovery,True,2.754066542,1.0021999999999989,4.066542,,,,,
scientific-block_state_recovery-00114,block_state_recovery,True,5.00412625,,4.12625,,,,,
scientific-block_state_recovery-00115,block_state_recovery,True,5.009073209,,9.073209,,,,,
scientific-block_state_recovery-00116,block_state_recovery,True,15.009090167,,9.090167,,,,,
scientific-block_state_recovery-00117,block_state_recovery,True,15.009091041,,9.091041,,,,,
scientific-block_state_recovery-00118,block_state_recovery,True,2.509140792,0.0002000000000007276,9.140792,,,,,
scientific-block_state_recovery-00119,block_state_recovery,True,2.504083625,0.0001000000000003638,4.083625,,,,,
scientific-block_state_recovery-00120,block_state_recovery,True,2.759084917,1.0039000000000013,9.084917,,,,,
scientific-close_aligned_recovery_grid-00001,close_aligned_recovery_grid,True,2.80651225,1.0040999999999984,3.348354,1.803348354,0.4556875,,,
scientific-close_aligned_recovery_grid-00002,close_aligned_recovery_grid,True,3.302223041,1.002800000000001,0.174812,2.300174812,0.368479,,,
scientific-close_aligned_recovery_grid-00003,close_aligned_recovery_grid,True,3.405089959,1.0016000000000003,4.118792,2.404118792,0.296042,,,
scientific-close_aligned_recovery_grid-00004,close_aligned_recovery_grid,True,1.803507458,0.0001000000000003638,4.093479,1.804093479,0.292771,,,
scientific-close_aligned_recovery_grid-00005,close_aligned_recovery_grid,True,1.601797834,0.0001000000000003638,4.082417,1.604082417,0.385125,,,
scientific-close_aligned_recovery_grid-00006,close_aligned_recovery_grid,True,3.102708666,1.0016000000000003,2.036313,2.102036313,0.2925625,,,
scientific-close_aligned_recovery_grid-00007,close_aligned_recovery_grid,True,3.201222666,1.000800000000001,1.035354,2.201035354,0.2825625,,,
scientific-close_aligned_recovery_grid-00008,close_aligned_recovery_grid,True,2.2035125,0.0001000000000003638,4.095396,2.204095396,0.353479,,,
scientific-close_aligned_recovery_grid-00009,close_aligned_recovery_grid,True,2.908269708,1.005,4.113521,1.904113521,0.2999795,,,
scientific-close_aligned_recovery_grid-00010,close_aligned_recovery_grid,True,2.700524375,1.001199999999999,0.151229,1.700151229,0.331104,,,
scientific-close_aligned_recovery_grid-00011,close_aligned_recovery_grid,True,2.307596875,0.0002000000000007276,9.10123,2.30910123,0.3421455,,,
scientific-close_aligned_recovery_grid-00012,close_aligned_recovery_grid,True,3.009089333,1.0007999999999992,9.087354,2.009087354,0.409354,,,
scientific-close_aligned_recovery_grid-00013,close_aligned_recovery_grid,True,1.70849425,0.0002999999999992724,9.092084,1.709092084,0.6540415,,,
scientific-close_aligned_recovery_grid-00014,close_aligned_recovery_grid,True,2.003231292,9.99999999985448e-05,4.073584,2.004073584,0.3856665,,,
scientific-close_aligned_recovery_grid-00015,close_aligned_recovery_grid,True,2.402778041,0.0001000000000003638,4.058041,2.404058041,0.32875,,,
scientific-close_aligned_recovery_grid-00016,close_aligned_recovery_grid,True,2.103271542,9.99999999985448e-05,4.093584,2.104093584,0.3405415,,,
scientific-close_aligned_recovery_grid-00017,close_aligned_recovery_grid,True,2.608292667,1.005,4.10623,1.60410623,0.3773545,,,
scientific-close_aligned_recovery_grid-00018,close_aligned_recovery_grid,True,1.903501333,0.0001999999999989086,4.081375,1.904081375,0.326167,,,
scientific-close_aligned_recovery_grid-00019,close_aligned_recovery_grid,True,2.61804,1.0098000000000011,9.137605,1.609137605,0.3221045,,,
scientific-close_aligned_recovery_grid-00020,close_aligned_recovery_grid,True,2.307505166,0.0001000000000003638,8.42975,2.30842975,0.2975,,,
scientific-close_aligned_recovery_grid-00021,close_aligned_recovery_grid,True,2.002020791,0.0001999999999989086,4.027562,2.004027562,0.364646,,,
scientific-close_aligned_recovery_grid-00022,close_aligned_recovery_grid,True,2.202165542,0.0006000000000003638,4.057271,2.204057271,0.3931875,,,
scientific-close_aligned_recovery_grid-00023,close_aligned_recovery_grid,True,3.101656583,1.0015,1.219021,2.101219021,0.394104,,,
scientific-close_aligned_recovery_grid-00024,close_aligned_recovery_grid,True,1.903479083,0.0001000000000003638,4.052896,1.904052896,0.296354,,,
scientific-close_aligned_recovery_grid-00025,close_aligned_recovery_grid,True,2.40231725,0.0001000000000003638,4.090667,2.404090667,0.2889585,,,
scientific-close_aligned_recovery_grid-00026,close_aligned_recovery_grid,True,3.206988375,1.0057999999999994,2.499563,2.202499563,0.360479,,,
scientific-close_aligned_recovery_grid-00027,close_aligned_recovery_grid,True,1.701378709,0.0001999999999989086,4.142938,1.704142938,0.354271,,,
scientific-close_aligned_recovery_grid-00028,close_aligned_recovery_grid,True,2.102915625,0.0001000000000003638,4.100854,2.104100854,0.289521,,,
scientific-close_aligned_recovery_grid-00029,close_aligned_recovery_grid,True,2.703605666,1.0006000000000004,4.076813,1.704076813,0.3031875,,,
scientific-close_aligned_recovery_grid-00030,close_aligned_recovery_grid,True,1.802918583,0.0001000000000003638,4.0425,1.8040425,0.422417,,,
scientific-close_aligned_recovery_grid-00031,close_aligned_recovery_grid,True,1.601102834,0.0001999999999989086,3.113813,1.603113813,0.346021,,,
scientific-close_aligned_recovery_grid-00032,close_aligned_recovery_grid,True,3.401381167,1.0021000000000004,0.035021,2.400035021,0.301521,,,
scientific-close_aligned_recovery_grid-00033,close_aligned_recovery_grid,True,2.9089025,1.005699999999999,4.105521,1.904105521,0.3593545,,,
scientific-close_aligned_recovery_grid-00034,close_aligned_recovery_grid,True,3.004304041,1.0012000000000008,4.532771,2.004532771,0.4430205,,,
scientific-close_aligned_recovery_grid-00035,close_aligned_recovery_grid,True,3.305433542,1.0042999999999993,1.757042,2.301757042,0.274833,,,
scientific-close_aligned_recovery_grid-00036,close_aligned_recovery_grid,True,2.804350875,1.0032000000000008,1.990729,1.801990729,0.367354,,,
scientific-close_aligned_recovery_grid-00037,close_aligned_recovery_grid,True,3.102253083,1.0,3.056334,2.103056334,0.3869165,,,
scientific-close_aligned_recovery_grid-00038,close_aligned_recovery_grid,True,1.901735375,0.0001000000000003638,4.051896,1.904051896,0.3704795,,,
scientific-close_aligned_recovery_grid-00039,close_aligned_recovery_grid,True,2.202752292,0.0002000000000007276,3.626188,2.203626188,0.292646,,,
scientific-close_aligned_recovery_grid-00040,close_aligned_recovery_grid,True,2.30363875,9.99999999985448e-05,4.1145,2.3041145,0.294542,,,
scientific-close_aligned_recovery_grid-00041,close_aligned_recovery_grid,True,3.405342667,1.0021000000000004,4.074646,2.404074646,0.297271,,,
scientific-close_aligned_recovery_grid-00042,close_aligned_recovery_grid,True,2.705031125,1.0051000000000003,0.703959,1.700703959,0.3275415,,,
scientific-close_aligned_recovery_grid-00043,close_aligned_recovery_grid,True,3.004666917,1.0015,4.083751,2.004083751,0.3026665,,,
scientific-close_aligned_recovery_grid-00044,close_aligned_recovery_grid,True,2.900039583,1.0011000000000003,0.758813,1.900758813,0.3008545,,,
scientific-close_aligned_recovery_grid-00045,close_aligned_recovery_grid,True,2.407124667,0.0001000000000003638,9.096688,2.409096688,0.3378545,,,
scientific-close_aligned_recovery_grid-00046,close_aligned_recovery_grid,True,1.806527583,0.0001999999999989086,9.07575,1.80907575,0.34475,,,
scientific-close_aligned_recovery_grid-00047,close_aligned_recovery_grid,True,2.612809375,1.0042999999999993,9.093417,1.609093417,0.330958,,,
scientific-close_aligned_recovery_grid-00048,close_aligned_recovery_grid,True,2.803305917,1.0028999999999997,0.991709,1.800991709,0.3602085,,,
scientific-close_aligned_recovery_grid-00049,close_aligned_recovery_grid,True,1.708422166,0.0001000000000003638,9.101542,1.709101542,0.2826665,,,
scientific-close_aligned_recovery_grid-00050,close_aligned_recovery_grid,True,2.106496,0.0,9.082896,2.109082896,0.389479,,,
scientific-close_aligned_recovery_grid-00051,close_aligned_recovery_grid,True,3.30738825,1.003,5.352375,2.305352375,0.3745415,,,
scientific-close_aligned_recovery_grid-00052,close_aligned_recovery_grid,True,1.608255167,0.0,9.092334,1.609092334,0.3504165,,,
scientific-close_aligned_recovery_grid-00053,close_aligned_recovery_grid,True,2.006787584,0.0001000000000003638,8.053959,2.008053959,0.369625,,,
scientific-close_aligned_recovery_grid-00054,close_aligned_recovery_grid,True,3.2109395,1.0026999999999988,9.07323,2.20907323,0.2363125,,,
scientific-close_aligned_recovery_grid-00055,close_aligned_recovery_grid,True,2.108123792,0.0001000000000003638,9.106147,2.109106147,0.3974375,,,
scientific-close_aligned_recovery_grid-00056,close_aligned_recovery_grid,True,2.208506166,0.0001000000000003638,9.094896,2.209094896,0.3599375,,,
scientific-close_aligned_recovery_grid-00057,close_aligned_recovery_grid,True,1.80822725,0.0,9.083458,1.809083458,0.347542,,,
scientific-close_aligned_recovery_grid-00058,close_aligned_recovery_grid,True,3.415866958,1.007699999999999,9.101313,2.409101313,0.3041455,,,
scientific-close_aligned_recovery_grid-00059,close_aligned_recovery_grid,True,1.607570833,0.0001000000000003638,9.068083,1.609068083,0.394375,,,
scientific-close_aligned_recovery_grid-00060,close_aligned_recovery_grid,True,3.112403459,1.0071000000000003,6.328751,2.106328751,0.3259585,,,
scientific-close_aligned_recovery_grid-00061,close_aligned_recovery_grid,True,3.20837625,1.005,4.090792,2.204090792,0.2952915,,,
scientific-close_aligned_recovery_grid-00062,close_aligned_recovery_grid,True,2.900218542,1.001,0.685313,1.900685313,0.3332295,,,
scientific-close_aligned_recovery_grid-00063,close_aligned_recovery_grid,True,3.303555458,1.0030999999999985,1.632688,2.301632688,0.3316045,,,
scientific-close_aligned_recovery_grid-00064,close_aligned_recovery_grid,True,2.002742208,0.0001000000000003638,3.238771,2.003238771,0.311104,,,
scientific-close_aligned_recovery_grid-00065,close_aligned_recovery_grid,True,2.715251375,1.0076000000000003,8.45825,1.70845825,0.412292,,,
scientific-close_aligned_recovery_grid-00066,close_aligned_recovery_grid,True,1.9031015,0.0001000000000003638,4.101959,1.904101959,0.3321665,,,
scientific-close_aligned_recovery_grid-00067,close_aligned_recovery_grid,True,2.402301084,0.0001000000000003638,4.0795,2.4040795,0.329375,,,
scientific-close_aligned_recovery_grid-00068,close_aligned_recovery_grid,True,2.6053515,1.002300000000001,4.097167,1.604097167,0.416667,,,
scientific-close_aligned_recovery_grid-00069,close_aligned_recovery_grid,True,1.702793667,0.0001000000000003638,4.081313,1.704081313,0.2878955,,,
scientific-close_aligned_recovery_grid-00070,close_aligned_recovery_grid,True,3.008152542,1.0052999999999992,3.7055,2.0037055,0.386875,,,
scientific-close_aligned_recovery_grid-00071,close_aligned_recovery_grid,True,2.303469708,0.0001000000000003638,4.110271,2.304110271,0.3516875,,,
scientific-close_aligned_recovery_grid-00072,close_aligned_recovery_grid,True,2.80395375,1.0005,4.093792,1.804093792,0.270875,,,
scientific-close_aligned_recovery_grid-00073,close_aligned_recovery_grid,True,2.201632416,0.0001000000000003638,4.104771,2.204104771,0.3777295,,,
scientific-close_aligned_recovery_grid-00074,close_aligned_recovery_grid,True,1.701968667,0.0002000000000007276,4.072584,1.704072584,0.3819585,,,
scientific-close_aligned_recovery_grid-00075,close_aligned_recovery_grid,True,2.101710083,0.0001000000000003638,3.420396,2.103420396,0.703021,,,
scientific-close_aligned_recovery_grid-00076,close_aligned_recovery_grid,True,2.708492625,1.0051000000000003,4.087334,1.704087334,0.314625,,,
scientific-close_aligned_recovery_grid-00077,close_aligned_recovery_grid,True,3.1040595,1.005,0.027792,2.100027792,0.5020835,,,
scientific-close_aligned_recovery_grid-00078,close_aligned_recovery_grid,True,1.90324275,0.0001000000000003638,4.096104,1.904096104,0.355854,,,
scientific-close_aligned_recovery_grid-00079,close_aligned_recovery_grid,True,1.800750083,0.0,1.572,1.801572,0.2845,,,
scientific-close_aligned_recovery_grid-00080,close_aligned_recovery_grid,True,3.204267458,1.0007999999999992,4.077854,2.204077854,0.326396,,,
scientific-close_aligned_recovery_grid-00081,close_aligned_recovery_grid,True,2.403461375,0.0001000000000003638,4.147937,2.404147937,0.353896,,,
scientific-close_aligned_recovery_grid-00082,close_aligned_recovery_grid,True,3.408067958,1.0048999999999997,4.105021,2.404105021,0.3818125,,,
scientific-close_aligned_recovery_grid-00083,close_aligned_recovery_grid,True,3.305259959,1.0023999999999997,4.32223,2.30432223,0.3823955,,,
scientific-close_aligned_recovery_grid-00084,close_aligned_recovery_grid,True,2.904173416,1.0052000000000008,0.258125,1.900258125,0.3652915,,,
scientific-close_aligned_recovery_grid-00085,close_aligned_recovery_grid,True,2.800663875,1.0002000000000006,1.460417,1.801460417,0.4424585,,,
scientific-close_aligned_recovery_grid-00086,close_aligned_recovery_grid,True,2.303278708,0.0001000000000003638,4.064417,2.304064417,0.3325835,,,
scientific-close_aligned_recovery_grid-00087,close_aligned_recovery_grid,True,1.603266,0.0,4.098187,1.604098187,0.298104,,,
scientific-close_aligned_recovery_grid-00088,close_aligned_recovery_grid,True,2.604262459,1.0012000000000008,4.047396,1.604047396,0.403479,,,
scientific-close_aligned_recovery_grid-00089,close_aligned_recovery_grid,True,2.003534708,0.0002000000000007276,4.082084,2.004082084,0.3359585,,,
scientific-close_aligned_recovery_grid-00090,close_aligned_recovery_grid,True,3.002821125,1.0001000000000004,3.423438,2.003423438,0.3483125,,,
scientific-close_aligned_recovery_grid-00091,close_aligned_recovery_grid,True,3.404495583,1.002,3.281333,2.403281333,0.307917,,,
scientific-close_aligned_recovery_grid-00092,close_aligned_recovery_grid,True,1.803367083,0.0001000000000003638,4.09475,1.80409475,0.332875,,,
scientific-close_aligned_recovery_grid-00093,close_aligned_recovery_grid,True,1.903608083,0.0001000000000003638,4.082958,1.904082958,0.269333,,,
scientific-close_aligned_recovery_grid-00094,close_aligned_recovery_grid,True,2.703721792,1.0005999999999986,4.077896,1.704077896,0.338729,,,
scientific-close_aligned_recovery_grid-00095,close_aligned_recovery_grid,True,1.603444791,0.0001000000000003638,4.091729,1.604091729,0.295896,,,
scientific-close_aligned_recovery_grid-00096,close_aligned_recovery_grid,True,2.805950209,1.0023999999999997,4.098334,1.804098334,0.2855415,,,
scientific-close_aligned_recovery_grid-00097,close_aligned_recovery_grid,True,2.001359292,0.0001000000000003638,2.061771,2.002061771,0.224521,,,
scientific-close_aligned_recovery_grid-00098,close_aligned_recovery_grid,True,3.208158958,1.0048999999999997,4.097021,2.204097021,0.3542705,,,
scientific-close_aligned_recovery_grid-00099,close_aligned_recovery_grid,True,2.403142708,0.0001999999999989086,4.075416,2.404075416,0.283125,,,
scientific-close_aligned_recovery_grid-00100,close_aligned_recovery_grid,True,2.301140667,0.0001000000000003638,4.10023,2.30410023,0.4274375,,,
scientific-close_aligned_recovery_grid-00101,close_aligned_recovery_grid,True,3.307443625,1.0046000000000004,4.081313,2.304081313,0.5353125,,,
scientific-close_aligned_recovery_grid-00102,close_aligned_recovery_grid,True,2.603238542,1.0025,3.579313,1.603579313,0.423354,,,
scientific-close_aligned_recovery_grid-00103,close_aligned_recovery_grid,True,3.103821,1.0005,4.104459,2.104104459,0.3423335,,,
scientific-close_aligned_recovery_grid-00104,close_aligned_recovery_grid,True,1.702475958,0.0,4.109209,1.704109209,0.3063335,,,
scientific-close_aligned_recovery_grid-00105,close_aligned_recovery_grid,True,3.007507291,1.0047999999999992,4.066667,2.004066667,0.3738335,,,
scientific-close_aligned_recovery_grid-00106,close_aligned_recovery_grid,True,2.203441667,0.0001999999999989086,4.213105,2.204213105,0.3665625,,,
scientific-close_aligned_recovery_grid-00107,close_aligned_recovery_grid,True,2.903865417,1.0011000000000003,3.885313,1.903885313,0.3669795,,,
scientific-close_aligned_recovery_grid-00108,close_aligned_recovery_grid,True,2.102249458,9.99999999985448e-05,4.080333,2.104080333,0.303042,,,
scientific-close_aligned_recovery_grid-00109,close_aligned_recovery_grid,True,2.1014415,0.0002000000000007276,2.716688,2.102716688,0.473646,,,
scientific-close_aligned_recovery_grid-00110,close_aligned_recovery_grid,True,2.903699583,1.001,4.07975,1.90407975,0.364958,,,
scientific-close_aligned_recovery_grid-00111,close_aligned_recovery_grid,True,3.2083565,1.0055,3.603084,2.203603084,0.4388335,,,
scientific-close_aligned_recovery_grid-00112,close_aligned_recovery_grid,True,2.799596917,1.0002999999999993,0.389708,1.800389708,0.321625,,,
scientific-close_aligned_recovery_grid-00113,close_aligned_recovery_grid,True,2.2033315,0.0001000000000003638,4.103875,2.204103875,0.3184585,,,
scientific-close_aligned_recovery_grid-00114,close_aligned_recovery_grid,True,1.80046025,0.0002000000000007276,2.475979,1.802475979,0.3119375,,,
scientific-close_aligned_recovery_grid-00115,close_aligned_recovery_grid,True,2.403286208,0.0001000000000003638,4.094979,2.404094979,0.290729,,,
scientific-close_aligned_recovery_grid-00116,close_aligned_recovery_grid,True,2.3031025,0.0,4.090938,2.304090938,0.3907705,,,
scientific-close_aligned_recovery_grid-00117,close_aligned_recovery_grid,True,2.602908042,1.0002000000000006,3.74273,1.60374273,0.3345625,,,
scientific-close_aligned_recovery_grid-00118,close_aligned_recovery_grid,True,1.602791667,0.0,4.103167,1.604103167,0.3185835,,,
scientific-close_aligned_recovery_grid-00119,close_aligned_recovery_grid,True,2.001965208,0.0001000000000003638,4.064292,2.004064292,0.3470835,,,
scientific-close_aligned_recovery_grid-00120,close_aligned_recovery_grid,True,1.902347375,0.0003000000000010914,4.094917,1.904094917,0.3682085,,,
scientific-close_aligned_recovery_grid-00121,close_aligned_recovery_grid,True,3.405070375,1.0016000000000003,4.076292,2.404076292,0.3107085,,,
scientific-close_aligned_recovery_grid-00122,close_aligned_recovery_grid,True,1.702738875,9.99999999985448e-05,4.067584,1.704067584,0.6289165,,,
scientific-close_aligned_recovery_grid-00123,close_aligned_recovery_grid,True,2.706004791,1.0041000000000004,2.765937,1.702765937,0.425604,,,
scientific-close_aligned_recovery_grid-00124,close_aligned_recovery_grid,True,3.102923083,1.0015,2.692708,2.102692708,0.3445,,,
scientific-close_aligned_recovery_grid-00125,close_aligned_recovery_grid,True,3.00600025,1.0033000000000012,3.587,2.003587,0.337875,,,
scientific-close_aligned_recovery_grid-00126,close_aligned_recovery_grid,True,3.305688209,1.0022999999999993,4.154146,2.304154146,0.329979,,,
scientific-close_aligned_recovery_grid-00127,close_aligned_recovery_grid,True,3.005906708,1.0052000000000008,1.675271,2.001675271,0.550104,,,
scientific-close_aligned_recovery_grid-00128,close_aligned_recovery_grid,True,1.602287542,0.0001000000000003638,2.884209,1.602884209,0.3435835,,,
scientific-close_aligned_recovery_grid-00129,close_aligned_recovery_grid,True,1.999002083,0.0007000000000007276,0.014271,2.000014271,0.5727295,,,
scientific-close_aligned_recovery_grid-00130,close_aligned_recovery_grid,True,1.701257708,0.0,4.106209,1.704106209,0.4597085,,,
scientific-close_aligned_recovery_grid-00131,close_aligned_recovery_grid,True,3.103830084,1.0044000000000015,0.136709,2.100136709,0.3820835,,,
scientific-close_aligned_recovery_grid-00132,close_aligned_recovery_grid,True,1.801947667,0.0001000000000003638,4.076854,1.804076854,0.281896,,,
scientific-close_aligned_recovery_grid-00133,close_aligned_recovery_grid,True,2.299190542,9.99999999985448e-05,0.055208,2.300055208,0.3085,,,
scientific-close_aligned_recovery_grid-00134,close_aligned_recovery_grid,True,2.203104917,0.0002000000000007276,4.150854,2.204150854,0.365229,,,
scientific-close_aligned_recovery_grid-00135,close_aligned_recovery_grid,True,3.303446875,1.0006999999999988,4.083813,2.304083813,0.393354,,,
scientific-close_aligned_recovery_grid-00136,close_aligned_recovery_grid,True,2.103327917,9.99999999985448e-05,4.095313,2.104095313,0.277104,,,
scientific-close_aligned_recovery_grid-00137,close_aligned_recovery_grid,True,2.903186417,1.0002999999999993,4.092667,1.904092667,0.4492915,,,
scientific-close_aligned_recovery_grid-00138,close_aligned_recovery_grid,True,2.702102542,1.001,2.569209,1.702569209,0.3570415,,,
scientific-close_aligned_recovery_grid-00139,close_aligned_recovery_grid,True,3.20456775,1.0010999999999985,4.093167,2.204093167,0.3353335,,,
scientific-close_aligned_recovery_grid-00140,close_aligned_recovery_grid,True,2.806405416,1.0031000000000003,4.090729,1.804090729,0.3135625,,,
scientific-close_aligned_recovery_grid-00141,close_aligned_recovery_grid,True,2.402947125,9.99999999985448e-05,4.086771,2.404086771,0.335646,,,
scientific-close_aligned_recovery_grid-00142,close_aligned_recovery_grid,True,2.604094,1.0007999999999992,4.093563,1.604093563,0.344646,,,
scientific-close_aligned_recovery_grid-00143,close_aligned_recovery_grid,True,1.903177959,9.99999999985448e-05,4.09098,1.90409098,0.3753955,,,
scientific-close_aligned_recovery_grid-00144,close_aligned_recovery_grid,True,3.403982708,1.0015,3.1585,2.4031585,0.409875,,,
scientific-close_aligned_recovery_grid-00145,close_aligned_recovery_grid,True,3.207150625,1.0041999999999989,4.053771,2.204053771,0.5008545,,,
scientific-close_aligned_recovery_grid-00146,close_aligned_recovery_grid,True,3.407220583,1.005,2.888355,2.402888355,0.3996875,,,
scientific-close_aligned_recovery_grid-00147,close_aligned_recovery_grid,True,3.006471458,1.0052000000000008,2.773979,2.002773979,0.361771,,,
scientific-close_aligned_recovery_grid-00148,close_aligned_recovery_grid,True,1.903375958,0.0,4.095709,1.904095709,0.3156665,,,
scientific-close_aligned_recovery_grid-00149,close_aligned_recovery_grid,True,2.607377667,1.0042000000000006,4.104417,1.604104417,0.522958,,,
scientific-close_aligned_recovery_grid-00150,close_aligned_recovery_grid,True,2.103391125,0.0001000000000003638,4.079937,2.104079937,0.322771,,,
scientific-close_aligned_recovery_grid-00151,close_aligned_recovery_grid,True,2.002081,0.0002000000000007276,2.500063,2.002500063,0.3295625,,,
scientific-close_aligned_recovery_grid-00152,close_aligned_recovery_grid,True,2.902651833,1.0037999999999994,0.041625,1.900041625,0.350833,,,
scientific-close_aligned_recovery_grid-00153,close_aligned_recovery_grid,True,2.806441791,1.0033999999999996,4.078458,1.804078458,0.329083,,,
scientific-close_aligned_recovery_grid-00154,close_aligned_recovery_grid,True,1.603179792,0.0002000000000007276,4.0855,1.6040855,0.4445,,,
scientific-close_aligned_recovery_grid-00155,close_aligned_recovery_grid,True,1.803639958,0.0001000000000003638,4.066938,1.804066938,0.3629795,,,
scientific-close_aligned_recovery_grid-00156,close_aligned_recovery_grid,True,2.200697291,0.0001000000000003638,4.072396,2.204072396,0.3194375,,,
scientific-close_aligned_recovery_grid-00157,close_aligned_recovery_grid,True,3.30919325,1.0055,4.075521,2.304075521,0.2281875,,,
scientific-close_aligned_recovery_grid-00158,close_aligned_recovery_grid,True,3.10547525,1.0051000000000003,0.90423,2.10090423,0.2805625,,,
scientific-close_aligned_recovery_grid-00159,close_aligned_recovery_grid,True,2.403062625,0.0001000000000003638,4.059792,2.404059792,0.3707915,,,
scientific-close_aligned_recovery_grid-00160,close_aligned_recovery_grid,True,1.702313125,0.0001000000000003638,4.03175,1.70403175,0.3295835,,,
scientific-close_aligned_recovery_grid-00161,close_aligned_recovery_grid,True,2.303494041,0.0,4.110229,2.304110229,0.282146,,,
scientific-close_aligned_recovery_grid-00162,close_aligned_recovery_grid,True,2.709250292,1.0061000000000004,4.102938,1.704102938,0.3119375,,,
scientific-close_aligned_recovery_grid-00163,close_aligned_recovery_grid,True,2.303177458,0.0001000000000003638,4.098291,2.304098291,0.399875,,,
scientific-close_aligned_recovery_grid-00164,close_aligned_recovery_grid,True,2.000334083,0.0,2.408709,2.002408709,0.2985415,,,
scientific-close_aligned_recovery_grid-00165,close_aligned_recovery_grid,True,2.706350083,1.0031000000000003,4.098041,1.704098041,0.283875,,,
scientific-close_aligned_recovery_grid-00166,close_aligned_recovery_grid,True,3.00530675,1.005,0.978667,2.000978667,0.329083,,,
scientific-close_aligned_recovery_grid-00167,close_aligned_recovery_grid,True,3.312407583,1.004,9.11273,2.30911273,0.3014375,,,
scientific-close_aligned_recovery_grid-00168,close_aligned_recovery_grid,True,2.108535792,0.0001000000000003638,9.073458,2.109073458,0.298375,,,
scientific-close_aligned_recovery_grid-00169,close_aligned_recovery_grid,True,3.105535041,1.0033000000000012,4.065896,2.104065896,0.4031455,,,
scientific-close_aligned_recovery_grid-00170,close_aligned_recovery_grid,True,2.4031335,0.0001000000000003638,4.087541,2.404087541,0.36375,,,
scientific-close_aligned_recovery_grid-00171,close_aligned_recovery_grid,True,3.20596475,1.0027999999999992,4.074875,2.204074875,0.3500415,,,
scientific-close_aligned_recovery_grid-00172,close_aligned_recovery_grid,True,1.603252875,0.0001000000000003638,4.075833,1.604075833,0.346958,,,
scientific-close_aligned_recovery_grid-00173,close_aligned_recovery_grid,True,1.90342675,0.0001000000000003638,4.115313,1.904115313,0.333771,,,
scientific-close_aligned_recovery_grid-00174,close_aligned_recovery_grid,True,2.905154125,1.0058999999999996,0.036333,1.900036333,0.333125,,,
scientific-close_aligned_recovery_grid-00175,close_aligned_recovery_grid,True,2.80372325,1.0011000000000003,3.586459,1.803586459,0.3730835,,,
scientific-close_aligned_recovery_grid-00176,close_aligned_recovery_grid,True,3.4001905,1.0011000000000003,0.058563,2.400058563,0.3281455,,,
scientific-close_aligned_recovery_grid-00177,close_aligned_recovery_grid,True,2.203387542,0.0,4.10223,2.20410223,0.2591875,,,
scientific-close_aligned_recovery_grid-00178,close_aligned_recovery_grid,True,2.607192292,1.0041000000000004,4.088334,1.604088334,0.3067915,,,
scientific-close_aligned_recovery_grid-00179,close_aligned_recovery_grid,True,1.70345275,0.0001000000000003638,4.081917,1.704081917,0.330625,,,
scientific-close_aligned_recovery_grid-00180,close_aligned_recovery_grid,True,1.801859666,0.0001000000000003638,4.079312,1.804079312,0.384354,,,
scientific-environment_sensitivity-00001,environment_sensitivity,True,2.759078,1.000199999999997,9.078,,,60.0,60.002610321,60.012559787
scientific-environment_sensitivity-00002,environment_sensitivity,True,2.509077875,0.00029999999999563443,9.077875,,,60.0,60.000433512,60.012347104
scientific-environment_sensitivity-00003,environment_sensitivity,True,5.009057375,,9.057375,,,60.0,60.010531388,60.022573882
scientific-environment_sensitivity-00004,environment_sensitivity,True,5.002367583,,2.367583,,,60.0,60.001669223,60.011087898
scientific-environment_sensitivity-00005,environment_sensitivity,True,2.507239375,0.0005,7.239375,,,60.0,60.001100861,60.01073282
scientific-environment_sensitivity-00006,environment_sensitivity,True,2.509096542,0.0003000000000029104,9.096542,,,60.0,60.011697855,60.02023201
scientific-environment_sensitivity-00007,environment_sensitivity,True,15.000014584,,0.014584,,,60.0,60.002494153,60.012561686
scientific-environment_sensitivity-00008,environment_sensitivity,True,2.750055792,1.0046000000000057,0.055792,,,69.004,69.013444769,69.025747774
scientific-environment_sensitivity-00009,environment_sensitivity,True,15.007670125,,7.670125,,,60.0,60.01111988,60.0224271
scientific-environment_sensitivity-00010,environment_sensitivity,True,2.753932084,1.0007000000000044,3.932084,,,60.0,60.007729734,60.021079225
scientific-environment_sensitivity-00011,environment_sensitivity,True,15.0041555,,4.1555,,,171.853,171.857101864,171.869683472
scientific-environment_sensitivity-00012,environment_sensitivity,True,2.504594916,0.0003999999999941792,4.594916,,,159.189,159.191503272,159.204131238
scientific-environment_sensitivity-00013,environment_sensitivity,True,5.008124417,,8.124417,,,129.312,129.322258124,129.335405461
scientific-environment_sensitivity-00014,environment_sensitivity,True,15.009187625,,9.187625,,,60.0,60.010529312,60.022806636
scientific-environment_sensitivity-00015,environment_sensitivity,True,2.755489459,1.0017000000000116,5.489459,,,60.0,60.004540236,60.015348569
scientific-environment_sensitivity-00016,environment_sensitivity,True,5.003849,,3.849,,,60.0,60.010122403,60.022532236
scientific-environment_sensitivity-00017,environment_sensitivity,True,5.009083584,,9.083584,,,53.87,53.880973768,53.893765939
scientific-environment_sensitivity-00018,environment_sensitivity,True,2.504075958,0.0005,4.075958,,,60.0,60.005683063,60.023278066
scientific-environment_sensitivity-00019,environment_sensitivity,True,15.00032525,,0.32525,,,60.0,60.00554952,60.018593801
scientific-environment_sensitivity-00020,environment_sensitivity,True,2.754071375,1.001800000000003,4.071375,,,60.0,60.00637671,60.018809638
scientific-environment_sensitivity-00021,environment_sensitivity,True,2.750633625,1.0017999999999956,0.633625,,,60.0,60.005448691,60.018635573
scientific-environment_sensitivity-00022,environment_sensitivity,True,15.000844458,,0.844458,,,60.0,60.000817152,60.010841611
scientific-environment_sensitivity-00023,environment_sensitivity,True,5.004077833,,4.077833,,,60.0,60.002969316,60.018801348
scientific-environment_sensitivity-00024,environment_sensitivity,True,2.754175125,1.0013000000000174,4.175125,,,157.223,157.226646304,157.246872148
scientific-environment_sensitivity-00025,environment_sensitivity,True,15.000064166,,0.064166,,,60.0,60.00321682,60.012749669
scientific-environment_sensitivity-00026,environment_sensitivity,True,2.504068666,0.00040000000000873115,4.068666,,,60.0,60.005973826,60.014755127
scientific-environment_sensitivity-00027,environment_sensitivity,True,2.753869708,1.0003000000000029,3.869708,,,60.0,60.003083087,60.015401507
scientific-environment_sensitivity-00028,environment_sensitivity,True,5.004125667,,4.125667,,,60.0,60.004604156,60.024157393
scientific-environment_sensitivity-00029,environment_sensitivity,True,2.504101084,0.00040000000002328304,4.101084,,,151.142,151.145111772,151.159055925
scientific-environment_sensitivity-00030,environment_sensitivity,True,5.004225125,,4.225125,,,60.0,60.003477312,60.01311404
scientific-environment_sensitivity-00031,environment_sensitivity,True,15.004028875,,4.028875,,,141.749,141.750086133,141.762949335
scientific-environment_sensitivity-00032,environment_sensitivity,True,2.503946041,0.0005999999999985448,3.946041,,,60.0,60.001414712,60.014383152
scientific-environment_sensitivity-00033,environment_sensitivity,True,2.500097708,0.0008000000000029104,0.097708,,,60.0,60.001475652,60.015673527
scientific-environment_sensitivity-00034,environment_sensitivity,True,2.500062791,0.00040000000000873115,0.062791,,,60.0,60.002174027,60.014172798
scientific-environment_sensitivity-00035,environment_sensitivity,True,5.00408375,,4.08375,,,60.0,60.005394069,60.020858861
scientific-environment_sensitivity-00036,environment_sensitivity,True,2.504092792,0.0003999999999941792,4.092792,,,60.0,60.001182994,60.013092886
scientific-environment_sensitivity-00037,environment_sensitivity,True,5.004052458,,4.052458,,,60.0,60.004236699,60.018516756
scientific-environment_sensitivity-00038,environment_sensitivity,True,5.000014834,,0.014834,,,60.0,60.002935561,60.015564046
scientific-environment_sensitivity-00039,environment_sensitivity,True,2.759098958,1.0002999999999955,9.098958,,,60.0,60.007324194,60.018614681
scientific-environment_sensitivity-00040,environment_sensitivity,True,15.009070042,,9.070042,,,60.0,60.001722153,60.013268986
scientific-environment_sensitivity-00041,environment_sensitivity,True,15.004085333,,4.085333,,,60.0,60.001681557,60.013282766
scientific-environment_sensitivity-00042,environment_sensitivity,True,2.752009834,1.0054000000000087,2.009834,,,74.047,74.047911212,74.058175777
scientific-environment_sensitivity-00043,environment_sensitivity,True,15.000868833,,0.868833,,,60.0,60.005193786,60.017084962
scientific-environment_sensitivity-00044,environment_sensitivity,True,15.003334208,,3.334208,,,85.068,85.074322916,85.087234376
scientific-environment_sensitivity-00045,environment_sensitivity,True,2.503474583,0.0005,3.474583,,,157.526,157.530210899,157.540642277
scientific-environment_sensitivity-00046,environment_sensitivity,True,2.754103917,1.0055999999999985,4.103917,,,60.0,60.003440382,60.016164307
scientific-environment_sensitivity-00047,environment_sensitivity,True,5.00158475,,1.58475,,,148.379,148.379783734,148.39890361
scientific-environment_sensitivity-00048,environment_sensitivity,True,2.754106125,1.000699999999997,4.106125,,,60.0,60.003165504,60.016139235
scientific-environment_sensitivity-00049,environment_sensitivity,True,15.000174709,,0.174709,,,60.0,60.005457028,60.018540528
scientific-environment_sensitivity-00050,environment_sensitivity,True,2.502086833,0.0005,2.086833,,,60.0,60.006281819,60.020719402
scientific-environment_sensitivity-00051,environment_sensitivity,True,5.004092958,,4.092958,,,65.669,65.670212653,65.684857465
scientific-environment_sensitivity-00052,environment_sensitivity,True,2.751469292,1.001199999999997,1.469292,,,60.0,60.002254562,60.014383259
scientific-environment_sensitivity-00053,environment_sensitivity,True,5.000830625,,0.830625,,,60.0,60.003501467,60.016487237
scientific-environment_sensitivity-00054,environment_sensitivity,True,15.004101875,,4.101875,,,60.0,60.004935527,60.019188986
scientific-environment_sensitivity-00055,environment_sensitivity,True,2.754067416,1.0050999999999986,4.067416,,,50.435,50.440445363,50.452485759
scientific-environment_sensitivity-00056,environment_sensitivity,True,15.001950333,,1.950333,,,60.0,60.006222403,60.015130028
scientific-environment_sensitivity-00057,environment_sensitivity,True,5.004145834,,4.145834,,,60.0,60.002792236,60.018546402
scientific-environment_sensitivity-00058,environment_sensitivity,True,15.004130458,,4.130458,,,169.769,169.770454926,169.783271881
scientific-environment_sensitivity-00059,environment_sensitivity,True,2.7540995,1.000199999999997,4.0995,,,60.0,60.006066914,60.017774533
scientific-environment_sensitivity-00060,environment_sensitivity,True,2.504057541,0.00020000000000436558,4.057541,,,60.0,60.006175675,60.011020862
scientific-environment_sensitivity-00061,environment_sensitivity,True,2.754118125,1.0032999999999956,4.118125,,,60.0,60.003654193,60.014159984
scientific-environment_sensitivity-00062,environment_sensitivity,True,2.504035417,0.0005,4.035417,,,144.342,144.343206241,144.353974021
scientific-environment_sensitivity-00063,environment_sensitivity,True,5.00173225,,1.73225,,,60.0,60.005472661,60.016438
scientific-environment_sensitivity-00064,environment_sensitivity,True,2.504119292,0.0005,4.119292,,,60.0,60.00517969,60.017416476
scientific-environment_sensitivity-00065,environment_sensitivity,True,15.003999291,,3.999291,,,57.281,57.284897781,57.299664596
scientific-environment_sensitivity-00066,environment_sensitivity,True,5.004084084,,4.084084,,,60.0,60.004320935,60.015922503
scientific-environment_sensitivity-00067,environment_sensitivity,True,2.752210791,1.000800000000003,2.210791,,,60.0,60.003497681,60.015035189
scientific-environment_sensitivity-00068,environment_sensitivity,True,15.004119458,,4.119458,,,60.0,60.001414332,60.012746633
scientific-environment_sensitivity-00069,environment_sensitivity,True,2.750990791,1.0055,0.990791,,,166.132,166.137299683,166.154578501
scientific-environment_sensitivity-00070,environment_sensitivity,True,5.004123667,,4.123667,,,60.0,60.006173236,60.020032819
scientific-environment_sensitivity-00071,environment_sensitivity,True,5.000047042,,0.047042,,,60.0,60.005384236,60.015834445
scientific-environment_sensitivity-00072,environment_sensitivity,True,5.004172458,,4.172458,,,123.939,123.945373655,123.965836198
scientific-environment_sensitivity-00073,environment_sensitivity,True,2.750826667,1.0017999999999883,0.826667,,,60.0,60.002140821,60.015068591
scientific-environment_sensitivity-00074,environment_sensitivity,True,2.503244125,0.0005999999999985448,3.244125,,,60.0,60.002753084,60.018305315
scientific-environment_sensitivity-00075,environment_sensitivity,True,2.500196417,0.0003000000000029104,0.196417,,,60.0,60.006800019,60.017066568
scientific-environment_sensitivity-00076,environment_sensitivity,True,15.001726875,,1.726875,,,60.0,60.003906403,60.017553653
scientific-environment_sensitivity-00077,environment_sensitivity,True,2.50404425,0.0006000000000058208,4.04425,,,158.051,158.054488733,158.073171972
scientific-environment_sensitivity-00078,environment_sensitivity,True,2.504091667,0.00040000000000873115,4.091667,,,60.0,60.006303671,60.019606433
scientific-environment_sensitivity-00079,environment_sensitivity,True,2.750960292,1.000699999999997,0.960292,,,60.0,60.001790258,60.014567735
scientific-environment_sensitivity-00080,environment_sensitivity,True,15.001135708,,1.135708,,,60.0,60.002363359,60.017265634
scientific-environment_sensitivity-00081,environment_sensitivity,True,2.754108959,1.0002000000000044,4.108959,,,60.0,60.000496417,60.011040499
scientific-environment_sensitivity-00082,environment_sensitivity,True,15.002800042,,2.800042,,,68.313,68.31443307,68.32681058
scientific-environment_sensitivity-00083,environment_sensitivity,True,5.004166208,,4.166208,,,165.52,165.524872746,165.53822939
scientific-environment_sensitivity-00084,environment_sensitivity,True,2.500017083,0.0003999999999941792,0.017083,,,60.0,60.002440903,60.015398236
scientific-environment_sensitivity-00085,environment_sensitivity,True,15.007319083,,7.319083,,,60.0,60.001801638,60.014932323
scientific-environment_sensitivity-00086,environment_sensitivity,True,5.003743875,,3.743875,,,60.0,60.002919001,60.016574154
scientific-environment_sensitivity-00087,environment_sensitivity,True,5.009077958,,9.077958,,,60.0,60.001297913,60.012890848
scientific-environment_sensitivity-00088,environment_sensitivity,True,2.7585115,1.0,8.5115,,,60.0,60.00391661,60.018243022
scientific-environment_sensitivity-00089,environment_sensitivity,True,15.004093666,,4.093666,,,60.0,60.001346891,60.014332512
scientific-environment_sensitivity-00090,environment_sensitivity,True,2.509128,0.0006000000000058208,9.128,,,144.447,144.455380955,144.473985189
scientific-environment_sensitivity-00091,environment_sensitivity,True,5.004157083,,4.157083,,,60.0,60.002560189,60.02071705
scientific-environment_sensitivity-00092,environment_sensitivity,True,2.754118,1.0005,4.118,,,60.0,60.000753471,60.012093566
scientific-environment_sensitivity-00093,environment_sensitivity,True,2.502391708,0.0005,2.391708,,,60.0,60.004239862,60.017081577
scientific-environment_sensitivity-00094,environment_sensitivity,True,2.754084166,1.0056999999999972,4.084166,,,95.714,95.71631218,95.729707584
scientific-environment_sensitivity-00095,environment_sensitivity,True,2.504161292,0.0005999999999985448,4.161292,,,60.0,60.004345338,60.01757187
scientific-environment_sensitivity-00096,environment_sensitivity,True,15.002650916,,2.650916,,,60.0,60.004989286,60.019223699
scientific-environment_sensitivity-00097,environment_sensitivity,True,5.004179541,,4.179541,,,136.019,136.02108616,136.033466767
scientific-environment_sensitivity-00098,environment_sensitivity,True,5.001027,,1.027,,,60.0,60.004680587,60.01915766
scientific-environment_sensitivity-00099,environment_sensitivity,True,2.750618209,1.0038999999999942,0.618209,,,60.0,60.004452773,60.018073919
scientific-environment_sensitivity-00100,environment_sensitivity,True,2.757211125,1.0103999999999942,7.211125,,,178.82,178.824646685,178.836883003
scientific-environment_sensitivity-00101,environment_sensitivity,True,5.006392167,,6.392167,,,60.0,60.005354329,60.018495287
scientific-environment_sensitivity-00102,environment_sensitivity,True,15.005934333,,5.934333,,,60.0,60.010550656,60.022391853
scientific-environment_sensitivity-00103,environment_sensitivity,True,2.509080625,0.0003999999999941792,9.080625,,,145.992,146.00250218,146.013854743
scientific-environment_sensitivity-00104,environment_sensitivity,True,15.009078834,,9.078834,,,149.252,149.263129338,149.273797736
scientific-environment_sensitivity-00105,environment_sensitivity,True,15.009086416,,9.086416,,,60.0,60.0071374,60.01938099
scientific-environment_sensitivity-00106,environment_sensitivity,True,2.507546417,0.0004000000000014552,7.546417,,,60.0,60.009360832,60.021337883
scientific-environment_sensitivity-00107,environment_sensitivity,True,5.007192791,,7.192791,,,60.0,60.008758155,60.020278896
scientific-environment_sensitivity-00108,environment_sensitivity,True,2.509054791,0.0004000000000014552,9.054791,,,60.0,60.007446717,60.018168514
scientific-environment_sensitivity-00109,environment_sensitivity,True,2.759090458,1.000600000000006,9.090458,,,60.0,60.009542776,60.022766695
scientific-environment_sensitivity-00110,environment_sensitivity,True,15.009054542,,9.054542,,,60.0,60.00935257,60.01971207
scientific-environment_sensitivity-00111,environment_sensitivity,True,2.509075042,0.00040000000000873115,9.075042,,,60.0,60.009506871,60.022393799
scientific-environment_sensitivity-00112,environment_sensitivity,True,2.759062583,1.0014000000000014,9.062583,,,60.0,60.005235652,60.015821819
scientific-environment_sensitivity-00113,environment_sensitivity,True,2.505119292,0.0003999999999941792,5.119292,,,60.0,60.011103944,60.022477194
scientific-environment_sensitivity-00114,environment_sensitivity,True,2.756654208,1.0088999999999941,6.654208,,,128.49,128.500533086,128.513303715
scientific-environment_sensitivity-00115,environment_sensitivity,True,15.006062959,,6.062959,,,60.0,60.001066328,60.012052097
scientific-environment_sensitivity-00116,environment_sensitivity,True,2.759106959,1.001300000000003,9.106959,,,60.0,60.000953706,60.011042084
scientific-environment_sensitivity-00117,environment_sensitivity,True,5.009057417,,9.057417,,,60.0,60.005956415,60.017623274
scientific-environment_sensitivity-00118,environment_sensitivity,True,2.759062209,1.0005999999999913,9.062209,,,60.0,60.0106491,60.022641157
scientific-environment_sensitivity-00119,environment_sensitivity,True,5.006535375,,6.535375,,,159.213,159.222670715,159.234385261
scientific-environment_sensitivity-00120,environment_sensitivity,True,2.508725792,0.0004000000000014552,8.725792,,,60.0,60.011550343,60.025044271
scientific-environment_sensitivity-00121,environment_sensitivity,True,2.759119584,1.0048000000000028,9.119584,,,60.0,60.010375944,60.024022611
scientific-environment_sensitivity-00122,environment_sensitivity,True,5.007319125,,7.319125,,,60.0,60.003743636,60.016666791
scientific-environment_sensitivity-00123,environment_sensitivity,True,2.507360959,0.00040000000000873115,7.360959,,,52.755,52.758477729,52.770310535
scientific-environment_sensitivity-00124,environment_sensitivity,True,5.006057625,,6.057625,,,60.0,60.000804053,60.011487626
scientific-environment_sensitivity-00125,environment_sensitivity,True,2.509090417,0.0003999999999941792,9.090417,,,60.0,60.011257525,60.023397084
scientific-environment_sensitivity-00126,environment_sensitivity,True,15.007637208,,7.637208,,,60.0,60.010819652,60.022650611
scientific-environment_sensitivity-00127,environment_sensitivity,True,15.009065584,,9.065584,,,98.196,98.207289638,98.219454619
scientific-environment_sensitivity-00128,environment_sensitivity,True,15.007486833,,7.486833,,,60.0,60.000768766,60.01132748
scientific-environment_sensitivity-00129,environment_sensitivity,True,15.000267083,,0.267083,,,60.0,60.010613796,60.017596505
scientific-environment_sensitivity-00130,environment_sensitivity,True,2.759052792,1.0000999999999984,9.052792,,,60.0,60.00459553,60.017588044
scientific-environment_sensitivity-00131,environment_sensitivity,True,5.00408125,,4.08125,,,60.0,60.006249069,60.016936528
scientific-environment_sensitivity-00132,environment_sensitivity,True,2.504087167,0.0004000000000014552,4.087167,,,60.0,60.003183165,60.018483318
scientific-environment_sensitivity-00133,environment_sensitivity,True,2.504197584,0.00040000000000873115,4.197584,,,60.0,60.001144771,60.018991263
scientific-environment_sensitivity-00134,environment_sensitivity,True,2.504081625,0.0003999999999941792,4.081625,,,60.0,60.005545783,60.017369895
scientific-environment_sensitivity-00135,environment_sensitivity,True,15.004078666,,4.078666,,,60.0,60.000712285,60.010623291
scientific-environment_sensitivity-00136,environment_sensitivity,True,15.002187375,,2.187375,,,60.0,60.003860736,60.017580944
scientific-environment_sensitivity-00137,environment_sensitivity,True,2.754205541,1.0039000000000087,4.205541,,,60.0,60.001383866,60.014876644
scientific-environment_sensitivity-00138,environment_sensitivity,True,5.009142042,,9.142042,,,161.817,161.819609214,161.836705892
scientific-environment_sensitivity-00139,environment_sensitivity,True,15.009163208,,9.163208,,,124.18,124.182423583,124.194878428
scientific-environment_sensitivity-00140,environment_sensitivity,True,2.751602125,1.0038999999999942,1.602125,,,133.462,133.46794816,133.481464823
scientific-environment_sensitivity-00141,environment_sensitivity,True,2.509117625,0.0003999999999941792,9.117625,,,79.307,79.316300247,79.329713934
scientific-environment_sensitivity-00142,environment_sensitivity,True,5.000595334,,0.595334,,,60.0,60.008770861,60.021325944
scientific-environment_sensitivity-00143,environment_sensitivity,True,2.751705625,1.0005999999999913,1.705625,,,60.0,60.010127452,60.02347813
scientific-environment_sensitivity-00144,environment_sensitivity,True,5.006234042,,6.234042,,,60.0,60.008138473,60.021988653
scientific-environment_sensitivity-00145,environment_sensitivity,True,2.509079,0.0003000000000029104,9.079,,,60.0,60.002115283,60.012425737
scientific-environment_sensitivity-00146,environment_sensitivity,True,5.00550825,,5.50825,,,60.0,60.002766688,60.015822857
scientific-environment_sensitivity-00147,environment_sensitivity,True,5.00058875,,0.58875,,,60.0,60.011768567,60.026648831
scientific-environment_sensitivity-00148,environment_sensitivity,True,2.751052,1.0067999999999884,1.052,,,161.87,161.881983208,161.897312426
scientific-environment_sensitivity-00149,environment_sensitivity,True,15.0091445,,9.1445,,,170.545,170.556872984,170.569322196
scientific-environment_sensitivity-00150,environment_sensitivity,True,2.50881375,0.0005,8.81375,,,60.0,60.011290894,60.024743731
scientific-environment_sensitivity-00151,environment_sensitivity,True,2.756936792,1.0059000000000013,6.936792,,,60.0,60.0026514,60.007406981
scientific-environment_sensitivity-00152,environment_sensitivity,True,15.003896792,,3.896792,,,60.0,60.008702239,60.013500968
scientific-environment_sensitivity-00153,environment_sensitivity,True,5.007545709,,7.545709,,,69.807,69.809590427,69.813893961
scientific-environment_sensitivity-00154,environment_sensitivity,True,2.759027125,1.0075999999999985,9.027125,,,60.0,60.010630155,60.014369277
scientific-environment_sensitivity-00155,environment_sensitivity,True,2.502414292,9.999999999126886e-05,2.414292,,,83.161,83.163680347,83.168277381
scientific-environment_sensitivity-00156,environment_sensitivity,True,5.009023375,,9.023375,,,60.0,60.010886819,60.015050861
scientific-environment_sensitivity-00157,environment_sensitivity,True,2.754017833,1.000699999999997,4.017833,,,60.0,60.006386346,60.010042865
scientific-environment_sensitivity-00158,environment_sensitivity,True,2.502865333,0.00010000000000582076,2.865333,,,60.0,60.005251197,60.010020503
scientific-environment_sensitivity-00159,environment_sensitivity,True,15.000008709,,0.008709,,,60.0,60.005460984,60.00934165
scientific-environment_sensitivity-00160,environment_sensitivity,True,15.004019042,,4.019042,,,60.0,60.005398327,60.00969722
scientific-fault_scope_comparison-00001,fault_scope_comparison,True,5.004073667,,4.073667,,,,,
scientific-fault_scope_comparison-00002,fault_scope_comparison,True,15.000029625,,0.029625,,,,,
scientific-fault_scope_comparison-00003,fault_scope_comparison,True,2.750040959,1.004800000000001,0.040959,,,,,
scientific-fault_scope_comparison-00004,fault_scope_comparison,True,2.504103375,0.0001000000000003638,4.103375,,,,,
scientific-fault_scope_comparison-00005,fault_scope_comparison,True,15.004085167,,4.085167,,,,,
scientific-fault_scope_comparison-00006,fault_scope_comparison,True,2.504056875,9.99999999985448e-05,4.056875,,,,,
scientific-fault_scope_comparison-00007,fault_scope_comparison,True,5.009084042,,9.084042,,,,,
scientific-fault_scope_comparison-00008,fault_scope_comparison,True,2.759060583,1.0088999999999997,9.060583,,,,,
scientific-fault_scope_comparison-00009,fault_scope_comparison,True,15.009099125,,9.099125,,,,,
scientific-fault_scope_comparison-00010,fault_scope_comparison,True,5.009070666,,9.070666,,,,,
scientific-fault_scope_comparison-00011,fault_scope_comparison,True,2.759073834,1.0027000000000008,9.073834,,,,,
scientific-fault_scope_comparison-00012,fault_scope_comparison,True,2.509087584,0.0002000000000007276,9.087584,,,,,
scientific-fault_scope_comparison-00013,fault_scope_comparison,True,2.751463667,1.0055,1.463667,,,,,
scientific-fault_scope_comparison-00014,fault_scope_comparison,True,2.75410175,1.0017000000000007,4.10175,,,,,
scientific-fault_scope_comparison-00015,fault_scope_comparison,True,5.000044084,,0.044084,,,,,
scientific-fault_scope_comparison-00016,fault_scope_comparison,True,15.004053875,,4.053875,,,,,
scientific-fault_scope_comparison-00017,fault_scope_comparison,True,2.501858625,9.99999999985448e-05,1.858625,,,,,
scientific-fault_scope_comparison-00018,fault_scope_comparison,True,2.504049125,0.0002999999999992724,4.049125,,,,,
scientific-fault_scope_comparison-00019,fault_scope_comparison,True,15.004118375,,4.118375,,,,,
scientific-fault_scope_comparison-00020,fault_scope_comparison,False,15.004107167,,4.107167,,,,,
scientific-fault_scope_comparison-00021,fault_scope_comparison,True,5.004070125,,4.070125,,,,,
scientific-fault_scope_comparison-00022,fault_scope_comparison,True,2.754069292,1.0003999999999997,4.069292,,,,,
scientific-fault_scope_comparison-00023,fault_scope_comparison,True,5.004065834,,4.065834,,,,,
scientific-fault_scope_comparison-00024,fault_scope_comparison,True,2.502147583,0.0,2.147583,,,,,
scientific-fault_scope_comparison-00025,fault_scope_comparison,True,5.004216083,,4.216083,,,,,
scientific-fault_scope_comparison-00026,fault_scope_comparison,True,2.50005275,0.0001999999999989086,0.05275,,,,,
scientific-fault_scope_comparison-00027,fault_scope_comparison,True,2.501580459,0.0002000000000007276,1.580459,,,,,
scientific-fault_scope_comparison-00028,fault_scope_comparison,True,2.751735958,1.0045,1.735958,,,,,
scientific-fault_scope_comparison-00029,fault_scope_comparison,True,2.75407075,1.0013999999999996,4.07075,,,,,
scientific-fault_scope_comparison-00030,fault_scope_comparison,True,15.004215125,,4.215125,,,,,
scientific-fault_scope_comparison-00031,fault_scope_comparison,True,5.000025,,0.025,,,,,
scientific-fault_scope_comparison-00032,fault_scope_comparison,True,2.504073042,0.0001000000000003638,4.073042,,,,,
scientific-fault_scope_comparison-00033,fault_scope_comparison,True,2.754076084,1.0016000000000003,4.076084,,,,,
scientific-fault_scope_comparison-00034,fault_scope_comparison,True,15.002457083,,2.457083,,,,,
scientific-fault_scope_comparison-00035,fault_scope_comparison,True,5.004107375,,4.107375,,,,,
scientific-fault_scope_comparison-00036,fault_scope_comparison,True,15.00369275,,3.69275,,,,,
scientific-fault_scope_comparison-00037,fault_scope_comparison,True,5.002554,,2.554,,,,,
scientific-fault_scope_comparison-00038,fault_scope_comparison,True,2.504041667,0.0001999999999989086,4.041667,,,,,
scientific-fault_scope_comparison-00039,fault_scope_comparison,True,15.004089458,,4.089458,,,,,
scientific-fault_scope_comparison-00040,fault_scope_comparison,True,2.501889792,9.99999999985448e-05,1.889792,,,,,
scientific-fault_scope_comparison-00041,fault_scope_comparison,True,2.750875875,1.0017999999999994,0.875875,,,,,
scientific-fault_scope_comparison-00042,fault_scope_comparison,True,2.504089416,0.0001000000000003638,4.089416,,,,,
scientific-fault_scope_comparison-00043,fault_scope_comparison,True,15.004087791,,4.087791,,,,,
scientific-fault_scope_comparison-00044,fault_scope_comparison,True,2.750017209,1.0006999999999988,0.017209,,,,,
scientific-fault_scope_comparison-00045,fault_scope_comparison,True,5.001292833,,1.292833,,,,,
scientific-fault_scope_comparison-00046,fault_scope_comparison,True,2.754103708,1.0046000000000004,4.103708,,,,,
scientific-fault_scope_comparison-00047,fault_scope_comparison,True,5.004090833,,4.090833,,,,,
scientific-fault_scope_comparison-00048,fault_scope_comparison,True,15.004114083,,4.114083,,,,,
scientific-fault_scope_comparison-00049,fault_scope_comparison,True,2.504117292,9.99999999985448e-05,4.117292,,,,,
scientific-fault_scope_comparison-00050,fault_scope_comparison,True,2.501031459,0.0001000000000003638,1.031459,,,,,
scientific-fault_scope_comparison-00051,fault_scope_comparison,True,2.750910208,1.0023999999999997,0.910208,,,,,
scientific-fault_scope_comparison-00052,fault_scope_comparison,True,2.754124875,1.0021000000000004,4.124875,,,,,
scientific-fault_scope_comparison-00053,fault_scope_comparison,True,2.754088125,1.0047000000000008,4.088125,,,,,
scientific-fault_scope_comparison-00054,fault_scope_comparison,True,5.00408725,,4.08725,,,,,
scientific-fault_scope_comparison-00055,fault_scope_comparison,True,15.00408225,,4.08225,,,,,
scientific-fault_scope_comparison-00056,fault_scope_comparison,True,15.004061125,,4.061125,,,,,
scientific-fault_scope_comparison-00057,fault_scope_comparison,True,5.004062959,,4.062959,,,,,
scientific-fault_scope_comparison-00058,fault_scope_comparison,True,15.0090745,,9.0745,,,,,
scientific-fault_scope_comparison-00059,fault_scope_comparison,True,5.009055625,,9.055625,,,,,
scientific-fault_scope_comparison-00060,fault_scope_comparison,True,2.509069875,0.0002000000000007276,9.069875,,,,,
scientific-fault_scope_comparison-00061,fault_scope_comparison,True,2.751034792,1.0018999999999996,1.034792,,,,,
scientific-fault_scope_comparison-00062,fault_scope_comparison,True,2.754095667,1.0032999999999992,4.095667,,,,,
scientific-fault_scope_comparison-00063,fault_scope_comparison,True,5.0040685,,4.0685,,,,,
scientific-fault_scope_comparison-00064,fault_scope_comparison,True,2.500023042,0.0002000000000007276,0.023042,,,,,
scientific-fault_scope_comparison-00065,fault_scope_comparison,True,5.0040795,,4.0795,,,,,
scientific-fault_scope_comparison-00066,fault_scope_comparison,True,2.504088458,0.0002000000000007276,4.088458,,,,,
scientific-fault_scope_comparison-00067,fault_scope_comparison,True,5.004102708,,4.102708,,,,,
scientific-fault_scope_comparison-00068,fault_scope_comparison,True,15.004072542,,4.072542,,,,,
scientific-fault_scope_comparison-00069,fault_scope_comparison,True,2.751457375,1.0038000000000011,1.457375,,,,,
scientific-fault_scope_comparison-00070,fault_scope_comparison,True,15.00407675,,4.07675,,,,,
scientific-fault_scope_comparison-00071,fault_scope_comparison,True,15.004101042,,4.101042,,,,,
scientific-fault_scope_comparison-00072,fault_scope_comparison,True,2.504058459,0.0001000000000003638,4.058459,,,,,
scientific-fault_scope_comparison-00073,fault_scope_comparison,True,5.004080333,,4.080333,,,,,
scientific-fault_scope_comparison-00074,fault_scope_comparison,True,2.758924542,1.0057999999999994,8.924542,,,,,
scientific-fault_scope_comparison-00075,fault_scope_comparison,True,5.009052667,,9.052667,,,,,
scientific-fault_scope_comparison-00076,fault_scope_comparison,True,2.509105875,0.0001000000000003638,9.105875,,,,,
scientific-fault_scope_comparison-00077,fault_scope_comparison,True,2.509084709,0.0001000000000003638,9.084709,,,,,
scientific-fault_scope_comparison-00078,fault_scope_comparison,True,2.509098417,0.0001000000000003638,9.098417,,,,,
scientific-fault_scope_comparison-00079,fault_scope_comparison,True,15.009051833,,9.051833,,,,,
scientific-fault_scope_comparison-00080,fault_scope_comparison,True,2.7590875,1.0083999999999997,9.0875,,,,,
scientific-fault_scope_comparison-00081,fault_scope_comparison,True,15.0090485,,9.0485,,,,,
scientific-fault_scope_comparison-00082,fault_scope_comparison,True,5.009101916,,9.101916,,,,,
scientific-fault_scope_comparison-00083,fault_scope_comparison,True,15.009211875,,9.211875,,,,,
scientific-fault_scope_comparison-00084,fault_scope_comparison,True,2.759092584,1.0029000000000015,9.092584,,,,,
scientific-fault_scope_comparison-00085,fault_scope_comparison,True,2.759063041,0.9998999999999997,9.063041,,,,,
scientific-fault_scope_comparison-00086,fault_scope_comparison,True,5.00908,,9.08,,,,,
scientific-fault_scope_comparison-00087,fault_scope_comparison,True,2.75651525,1.0042999999999993,6.51525,,,,,
scientific-fault_scope_comparison-00088,fault_scope_comparison,True,2.759076542,1.0086000000000004,9.076542,,,,,
scientific-fault_scope_comparison-00089,fault_scope_comparison,True,15.009059709,,9.059709,,,,,
scientific-fault_scope_comparison-00090,fault_scope_comparison,True,5.009062458,,9.062458,,,,,
scientific-fault_scope_comparison-00091,fault_scope_comparison,True,15.004049959,,4.049959,,,,,
scientific-fault_scope_comparison-00092,fault_scope_comparison,True,15.004080917,,4.080917,,,,,
scientific-fault_scope_comparison-00093,fault_scope_comparison,True,5.004082708,,4.082708,,,,,
scientific-fault_scope_comparison-00094,fault_scope_comparison,True,2.509095167,0.0001000000000003638,9.095167,,,,,
scientific-fault_scope_comparison-00095,fault_scope_comparison,True,2.5090805,0.0001000000000003638,9.0805,,,,,
scientific-fault_scope_comparison-00096,fault_scope_comparison,True,2.509072625,0.0,9.072625,,,,,
scientific-fault_scope_comparison-00097,fault_scope_comparison,True,2.509075125,0.0001000000000003638,9.075125,,,,,
scientific-fault_scope_comparison-00098,fault_scope_comparison,True,5.009113125,,9.113125,,,,,
scientific-fault_scope_comparison-00099,fault_scope_comparison,True,15.00907825,,9.07825,,,,,
scientific-fault_scope_comparison-00100,fault_scope_comparison,True,2.755691625,1.0023999999999997,5.691625,,,,,
scientific-fault_scope_comparison-00101,fault_scope_comparison,True,2.509076167,0.0002000000000007276,9.076167,,,,,
scientific-fault_scope_comparison-00102,fault_scope_comparison,True,15.009063833,,9.063833,,,,,
scientific-fault_scope_comparison-00103,fault_scope_comparison,True,2.75906225,1.0049000000000015,9.06225,,,,,
scientific-fault_scope_comparison-00104,fault_scope_comparison,True,15.009078791,,9.078791,,,,,
scientific-fault_scope_comparison-00105,fault_scope_comparison,True,5.009070708,,9.070708,,,,,
scientific-fault_scope_comparison-00106,fault_scope_comparison,True,2.509048708,0.0002000000000007276,9.048708,,,,,
scientific-fault_scope_comparison-00107,fault_scope_comparison,True,5.009087041,,9.087041,,,,,
scientific-fault_scope_comparison-00108,fault_scope_comparison,True,2.75905825,1.0101000000000004,9.05825,,,,,
scientific-fault_scope_comparison-00109,fault_scope_comparison,True,15.009086125,,9.086125,,,,,
scientific-fault_scope_comparison-00110,fault_scope_comparison,True,2.509092125,9.99999999985448e-05,9.092125,,,,,
scientific-fault_scope_comparison-00111,fault_scope_comparison,True,2.504091667,0.0001000000000003638,4.091667,,,,,
scientific-fault_scope_comparison-00112,fault_scope_comparison,True,2.504076667,0.0001000000000003638,4.076667,,,,,
scientific-fault_scope_comparison-00113,fault_scope_comparison,True,2.7527985,1.005,2.7985,,,,,
scientific-fault_scope_comparison-00114,fault_scope_comparison,True,2.756152875,1.0098000000000011,6.152875,,,,,
scientific-fault_scope_comparison-00115,fault_scope_comparison,True,5.009081834,,9.081834,,,,,
scientific-fault_scope_comparison-00116,fault_scope_comparison,True,5.0090985,,9.0985,,,,,
scientific-fault_scope_comparison-00117,fault_scope_comparison,True,5.009081084,,9.081084,,,,,
scientific-fault_scope_comparison-00118,fault_scope_comparison,True,15.009093667,,9.093667,,,,,
scientific-fault_scope_comparison-00119,fault_scope_comparison,True,2.759067375,1.001699999999999,9.067375,,,,,
scientific-fault_scope_comparison-00120,fault_scope_comparison,True,15.009065417,,9.065417,,,,,
scientific-held_connection_recovery_sweep-00001,held_connection_recovery_sweep,True,12.501619833,,1.619833,,,,,
scientific-held_connection_recovery_sweep-00002,held_connection_recovery_sweep,True,5.004083667,,4.083667,,,,,
scientific-held_connection_recovery_sweep-00003,held_connection_recovery_sweep,True,15.004090125,0.0002000000000007276,4.090125,,,,,
scientific-held_connection_recovery_sweep-00004,held_connection_recovery_sweep,True,15.004087042,,4.087042,,,,,
scientific-held_connection_recovery_sweep-00005,held_connection_recovery_sweep,True,5.004110166,0.0,4.110166,,,,,
scientific-held_connection_recovery_sweep-00006,held_connection_recovery_sweep,True,10.004089834,,4.089834,,,,,
scientific-held_connection_recovery_sweep-00007,held_connection_recovery_sweep,True,7.504054292,,4.054292,,,,,
scientific-held_connection_recovery_sweep-00008,held_connection_recovery_sweep,True,5.004103459,,4.103459,,,,,
scientific-held_connection_recovery_sweep-00009,held_connection_recovery_sweep,True,12.504034792,,4.034792,,,,,
scientific-held_connection_recovery_sweep-00010,held_connection_recovery_sweep,True,15.004169959,0.0001000000000003638,4.169959,,,,,
scientific-held_connection_recovery_sweep-00011,held_connection_recovery_sweep,True,5.004088458,0.0001999999999989086,4.088458,,,,,
scientific-held_connection_recovery_sweep-00012,held_connection_recovery_sweep,True,10.00413,,4.13,,,,,
scientific-held_connection_recovery_sweep-00013,held_connection_recovery_sweep,True,15.004138958,,4.138958,,,,,
scientific-held_connection_recovery_sweep-00014,held_connection_recovery_sweep,True,7.504088667,,4.088667,,,,,
scientific-held_connection_recovery_sweep-00015,held_connection_recovery_sweep,True,10.004068833,,4.068833,,,,,
scientific-held_connection_recovery_sweep-00016,held_connection_recovery_sweep,True,5.00407525,,4.07525,,,,,
scientific-held_connection_recovery_sweep-00017,held_connection_recovery_sweep,True,5.004088666,0.0001000000000003638,4.088666,,,,,
scientific-held_connection_recovery_sweep-00018,held_connection_recovery_sweep,True,7.50406575,,4.06575,,,,,
scientific-held_connection_recovery_sweep-00019,held_connection_recovery_sweep,True,12.50408575,,4.08575,,,,,
scientific-held_connection_recovery_sweep-00020,held_connection_recovery_sweep,True,15.004105917,0.0001000000000003638,4.105917,,,,,
scientific-held_connection_recovery_sweep-00021,held_connection_recovery_sweep,True,15.001518666,,1.518666,,,,,
scientific-held_connection_recovery_sweep-00022,held_connection_recovery_sweep,True,15.004118416,0.0001000000000003638,4.118416,,,,,
scientific-held_connection_recovery_sweep-00023,held_connection_recovery_sweep,True,12.504096583,,4.096583,,,,,
scientific-held_connection_recovery_sweep-00024,held_connection_recovery_sweep,True,5.004129542,0.0001000000000003638,4.129542,,,,,
scientific-held_connection_recovery_sweep-00025,held_connection_recovery_sweep,True,10.004102917,,4.102917,,,,,
scientific-held_connection_recovery_sweep-00026,held_connection_recovery_sweep,True,15.009095125,,9.095125,,,,,
scientific-held_connection_recovery_sweep-00027,held_connection_recovery_sweep,True,5.004095792,,4.095792,,,,,
scientific-held_connection_recovery_sweep-00028,held_connection_recovery_sweep,True,7.504069958,,4.069958,,,,,
scientific-held_connection_recovery_sweep-00029,held_connection_recovery_sweep,True,5.002978417,0.0002000000000007276,2.978417,,,,,
scientific-held_connection_recovery_sweep-00030,held_connection_recovery_sweep,True,10.004117208,,4.117208,,,,,
scientific-held_connection_recovery_sweep-00031,held_connection_recovery_sweep,True,12.504087625,,4.087625,,,,,
scientific-held_connection_recovery_sweep-00032,held_connection_recovery_sweep,True,7.504105042,,4.105042,,,,,
scientific-held_connection_recovery_sweep-00033,held_connection_recovery_sweep,True,15.004077334,9.99999999985448e-05,4.077334,,,,,
scientific-held_connection_recovery_sweep-00034,held_connection_recovery_sweep,True,15.004084875,,4.084875,,,,,
scientific-held_connection_recovery_sweep-00035,held_connection_recovery_sweep,True,5.004108,,4.108,,,,,
scientific-held_connection_recovery_sweep-00036,held_connection_recovery_sweep,True,15.004113125,0.0001000000000003638,4.113125,,,,,
scientific-held_connection_recovery_sweep-00037,held_connection_recovery_sweep,True,10.004090709,,4.090709,,,,,
scientific-held_connection_recovery_sweep-00038,held_connection_recovery_sweep,True,15.004059167,,4.059167,,,,,
scientific-held_connection_recovery_sweep-00039,held_connection_recovery_sweep,True,5.004131459,,4.131459,,,,,
scientific-held_connection_recovery_sweep-00040,held_connection_recovery_sweep,True,12.504082708,,4.082708,,,,,
scientific-held_connection_recovery_sweep-00041,held_connection_recovery_sweep,True,5.004127583,0.0001000000000003638,4.127583,,,,,
scientific-held_connection_recovery_sweep-00042,held_connection_recovery_sweep,True,7.503184542,,3.184542,,,,,
scientific-held_connection_recovery_sweep-00043,held_connection_recovery_sweep,True,15.004100667,,4.100667,,,,,
scientific-held_connection_recovery_sweep-00044,held_connection_recovery_sweep,True,5.004102,,4.102,,,,,
scientific-held_connection_recovery_sweep-00045,held_connection_recovery_sweep,True,10.004096334,,4.096334,,,,,
scientific-held_connection_recovery_sweep-00046,held_connection_recovery_sweep,True,15.004085209,0.0001000000000003638,4.085209,,,,,
scientific-held_connection_recovery_sweep-00047,held_connection_recovery_sweep,True,5.000030708,9.99999999985448e-05,0.030708,,,,,
scientific-held_connection_recovery_sweep-00048,held_connection_recovery_sweep,True,12.504079333,,4.079333,,,,,
scientific-held_connection_recovery_sweep-00049,held_connection_recovery_sweep,True,7.504086959,,4.086959,,,,,
scientific-held_connection_recovery_sweep-00050,held_connection_recovery_sweep,True,12.504129291,,4.129291,,,,,
scientific-held_connection_recovery_sweep-00051,held_connection_recovery_sweep,True,5.004087708,,4.087708,,,,,
scientific-held_connection_recovery_sweep-00052,held_connection_recovery_sweep,True,15.004216541,0.0001000000000003638,4.216541,,,,,
scientific-held_connection_recovery_sweep-00053,held_connection_recovery_sweep,True,5.004119792,0.0001000000000003638,4.119792,,,,,
scientific-held_connection_recovery_sweep-00054,held_connection_recovery_sweep,True,10.004106458,,4.106458,,,,,
scientific-held_connection_recovery_sweep-00055,held_connection_recovery_sweep,True,15.004112625,,4.112625,,,,,
scientific-held_connection_recovery_sweep-00056,held_connection_recovery_sweep,True,7.504097125,,4.097125,,,,,
scientific-held_connection_recovery_sweep-00057,held_connection_recovery_sweep,True,12.504112791,,4.112791,,,,,
scientific-held_connection_recovery_sweep-00058,held_connection_recovery_sweep,True,5.004092042,,4.092042,,,,,
scientific-held_connection_recovery_sweep-00059,held_connection_recovery_sweep,True,7.504131792,,4.131792,,,,,
scientific-held_connection_recovery_sweep-00060,held_connection_recovery_sweep,True,15.004126666,,4.126666,,,,,
scientific-held_connection_recovery_sweep-00061,held_connection_recovery_sweep,True,10.004107208,,4.107208,,,,,
scientific-held_connection_recovery_sweep-00062,held_connection_recovery_sweep,True,15.004233167,0.0001000000000003638,4.233167,,,,,
scientific-held_connection_recovery_sweep-00063,held_connection_recovery_sweep,True,5.004182708,0.0002000000000007276,4.182708,,,,,
scientific-held_connection_recovery_sweep-00064,held_connection_recovery_sweep,True,12.504112583,,4.112583,,,,,
scientific-held_connection_recovery_sweep-00065,held_connection_recovery_sweep,True,10.004092791,,4.092791,,,,,
scientific-held_connection_recovery_sweep-00066,held_connection_recovery_sweep,True,5.0090945,0.0001999999999989086,9.0945,,,,,
scientific-held_connection_recovery_sweep-00067,held_connection_recovery_sweep,True,5.009144834,,9.144834,,,,,
scientific-held_connection_recovery_sweep-00068,held_connection_recovery_sweep,True,7.5040975,,4.0975,,,,,
scientific-held_connection_recovery_sweep-00069,held_connection_recovery_sweep,True,15.004116208,,4.116208,,,,,
scientific-held_connection_recovery_sweep-00070,held_connection_recovery_sweep,True,15.004109,0.0002999999999992724,4.109,,,,,
scientific-six_key_conditions-00001,six_key_conditions,True,30.004109833,,4.109833,,,,,
scientific-six_key_conditions-00002,six_key_conditions,True,2.500917584,0.0001999999999989086,0.917584,,,,,
scientific-six_key_conditions-00003,six_key_conditions,True,15.004085084,,4.085084,,,,,
scientific-six_key_conditions-00004,six_key_conditions,True,0.504018208,0.0001000000000003638,4.018208,,,,,
scientific-six_key_conditions-00005,six_key_conditions,True,5.004070041,,4.070041,,,,,
scientific-six_key_conditions-00006,six_key_conditions,True,2.754192208,1.0035,4.192208,,,,,
scientific-six_key_conditions-00007,six_key_conditions,True,0.504065167,0.0001000000000003638,4.065167,,,,,
scientific-six_key_conditions-00008,six_key_conditions,True,5.004073708,,4.073708,,,,,
scientific-six_key_conditions-00009,six_key_conditions,True,2.504113125,0.0002000000000007276,4.113125,,,,,
scientific-six_key_conditions-00010,six_key_conditions,True,30.004167375,,4.167375,,,,,
scientific-six_key_conditions-00011,six_key_conditions,True,15.004115458,,4.115458,,,,,
scientific-six_key_conditions-00012,six_key_conditions,True,2.754063166,1.003,4.063166,,,,,
scientific-six_key_conditions-00013,six_key_conditions,True,30.004088417,,4.088417,,,,,
scientific-six_key_conditions-00014,six_key_conditions,True,0.50908125,0.0001999999999989086,9.08125,,,,,
scientific-six_key_conditions-00015,six_key_conditions,True,2.753794042,1.0027999999999992,3.794042,,,,,
scientific-six_key_conditions-00016,six_key_conditions,True,5.009057209,,9.057209,,,,,
scientific-six_key_conditions-00017,six_key_conditions,True,2.509130667,9.99999999985448e-05,9.130667,,,,,
scientific-six_key_conditions-00018,six_key_conditions,True,15.009119958,,9.119958,,,,,
scientific-six_key_conditions-00019,six_key_conditions,True,2.5040815,0.0,4.0815,,,,,
scientific-six_key_conditions-00020,six_key_conditions,True,5.004090209,,4.090209,,,,,
scientific-six_key_conditions-00021,six_key_conditions,True,15.004053958,,4.053958,,,,,
scientific-six_key_conditions-00022,six_key_conditions,True,0.504090708,0.0001999999999989086,4.090708,,,,,
scientific-six_key_conditions-00023,six_key_conditions,True,2.753644625,1.0013999999999996,3.644625,,,,,
scientific-six_key_conditions-00024,six_key_conditions,True,30.004158791,,4.158791,,,,,
scientific-six_key_conditions-00025,six_key_conditions,True,5.009063166,,9.063166,,,,,
scientific-six_key_conditions-00026,six_key_conditions,True,15.009137917,,9.137917,,,,,
scientific-six_key_conditions-00027,six_key_conditions,True,2.759108042,1.0106999999999988,9.108042,,,,,
scientific-six_key_conditions-00028,six_key_conditions,True,30.003171166,,3.171166,,,,,
scientific-six_key_conditions-00029,six_key_conditions,True,0.504089875,0.0002000000000007276,4.089875,,,,,
scientific-six_key_conditions-00030,six_key_conditions,True,2.504095,0.0001000000000003638,4.095,,,,,
scientific-six_key_conditions-00031,six_key_conditions,True,2.754102959,1.005,4.102959,,,,,
scientific-six_key_conditions-00032,six_key_conditions,True,30.004093083,,4.093083,,,,,
scientific-six_key_conditions-00033,six_key_conditions,True,0.504074,0.0002000000000007276,4.074,,,,,
scientific-six_key_conditions-00034,six_key_conditions,True,5.004131917,,4.131917,,,,,
scientific-six_key_conditions-00035,six_key_conditions,True,15.0041245,,4.1245,,,,,
scientific-six_key_conditions-00036,six_key_conditions,True,2.509098,0.0001000000000003638,9.098,,,,,
scientific-six_key_conditions-00037,six_key_conditions,True,5.009096417,,9.096417,,,,,
scientific-six_key_conditions-00038,six_key_conditions,True,0.509065292,9.99999999985448e-05,9.065292,,,,,
scientific-six_key_conditions-00039,six_key_conditions,True,30.009132291,,9.132291,,,,,
scientific-six_key_conditions-00040,six_key_conditions,True,2.509078792,9.99999999985448e-05,9.078792,,,,,
scientific-six_key_conditions-00041,six_key_conditions,True,15.003600542,,3.600542,,,,,
scientific-six_key_conditions-00042,six_key_conditions,True,2.75909625,1.0003999999999997,9.09625,,,,,
scientific-six_key_conditions-00043,six_key_conditions,True,15.004161375,,4.161375,,,,,
scientific-six_key_conditions-00044,six_key_conditions,True,30.004087083,,4.087083,,,,,
scientific-six_key_conditions-00045,six_key_conditions,True,2.504081375,0.0001000000000003638,4.081375,,,,,
scientific-six_key_conditions-00046,six_key_conditions,True,2.754066792,1.005,4.066792,,,,,
scientific-six_key_conditions-00047,six_key_conditions,True,0.50286125,0.0002000000000007276,2.86125,,,,,
scientific-six_key_conditions-00048,six_key_conditions,True,5.004120833,,4.120833,,,,,
scientific-six_key_conditions-00049,six_key_conditions,True,2.75410725,1.001199999999999,4.10725,,,,,
scientific-six_key_conditions-00050,six_key_conditions,True,30.001544958,,1.544958,,,,,
scientific-six_key_conditions-00051,six_key_conditions,True,0.502984375,0.0002000000000007276,2.984375,,,,,
scientific-six_key_conditions-00052,six_key_conditions,True,5.000784041,,0.784041,,,,,
scientific-six_key_conditions-00053,six_key_conditions,True,15.00914475,,9.14475,,,,,
scientific-six_key_conditions-00054,six_key_conditions,True,2.509082083,0.0001000000000003638,9.082083,,,,,
scientific-six_key_conditions-00055,six_key_conditions,True,2.759109041,1.0097999999999994,9.109041,,,,,
scientific-six_key_conditions-00056,six_key_conditions,True,15.009112583,,9.112583,,,,,
scientific-six_key_conditions-00057,six_key_conditions,True,5.009129167,,9.129167,,,,,
scientific-six_key_conditions-00058,six_key_conditions,True,30.009130125,,9.130125,,,,,
scientific-six_key_conditions-00059,six_key_conditions,True,2.509083542,0.0001999999999989086,9.083542,,,,,
scientific-six_key_conditions-00060,six_key_conditions,True,0.509103333,0.0002000000000007276,9.103333,,,,,
scientific-target_byte_diagnostics-00001,target_byte_diagnostics,True,2.759121666,1.0012000000000008,9.121666,,,,,
scientific-target_byte_diagnostics-00002,target_byte_diagnostics,True,15.004084625,,4.084625,,,,,
scientific-target_byte_diagnostics-00003,target_byte_diagnostics,True,5.003886708,,3.886708,,,,,
scientific-target_byte_diagnostics-00004,target_byte_diagnostics,True,2.502582834,0.0003999999999996362,2.582834,,,,,
scientific-target_byte_diagnostics-00005,target_byte_diagnostics,True,2.504094959,0.0002000000000007276,4.094959,,,,,
scientific-target_byte_diagnostics-00006,target_byte_diagnostics,True,5.004081,,4.081,,,,,
scientific-target_byte_diagnostics-00007,target_byte_diagnostics,True,15.004073,,4.073,,,,,
scientific-target_byte_diagnostics-00008,target_byte_diagnostics,True,2.754095125,1.0012000000000008,4.095125,,,,,
scientific-target_byte_diagnostics-00009,target_byte_diagnostics,True,2.50412775,0.0002000000000007276,4.12775,,,,,
scientific-target_byte_diagnostics-00010,target_byte_diagnostics,True,2.75410075,1.0038999999999996,4.10075,,,,,
scientific-target_byte_diagnostics-00011,target_byte_diagnostics,True,15.0040575,,4.0575,,,,,
scientific-target_byte_diagnostics-00012,target_byte_diagnostics,True,5.003220208,,3.220208,,,,,
scientific-target_byte_diagnostics-00013,target_byte_diagnostics,True,15.004087083,,4.087083,,,,,
scientific-target_byte_diagnostics-00014,target_byte_diagnostics,True,2.509100958,0.0001999999999989086,9.100958,,,,,
scientific-target_byte_diagnostics-00015,target_byte_diagnostics,True,2.7591255,1.0016000000000003,9.1255,,,,,
scientific-target_byte_diagnostics-00016,target_byte_diagnostics,True,5.009100542,,9.100542,,,,,
scientific-target_byte_diagnostics-00017,target_byte_diagnostics,True,15.009117875,,9.117875,,,,,
scientific-target_byte_diagnostics-00018,target_byte_diagnostics,True,2.759101792,1.0080999999999984,9.101792,,,,,
scientific-target_byte_diagnostics-00019,target_byte_diagnostics,True,2.50908825,0.0001999999999989086,9.08825,,,,,
scientific-target_byte_diagnostics-00020,target_byte_diagnostics,True,5.009105,,9.105,,,,,
scientific-target_byte_diagnostics-00021,target_byte_diagnostics,True,5.001241125,,1.241125,,,,,
scientific-target_byte_diagnostics-00022,target_byte_diagnostics,True,15.004099667,,4.099667,,,,,
scientific-target_byte_diagnostics-00023,target_byte_diagnostics,True,2.754106166,1.0026000000000004,4.106166,,,,,
scientific-target_byte_diagnostics-00024,target_byte_diagnostics,True,2.504073375,0.0002000000000007276,4.073375,,,,,
scientific-target_byte_diagnostics-00025,target_byte_diagnostics,True,2.759114583,1.003,9.114583,,,,,
scientific-target_byte_diagnostics-00026,target_byte_diagnostics,True,5.009104042,,9.104042,,,,,
scientific-target_byte_diagnostics-00027,target_byte_diagnostics,True,15.000456459,,0.456459,,,,,
scientific-target_byte_diagnostics-00028,target_byte_diagnostics,True,2.509099541,0.0002000000000007276,9.099541,,,,,
scientific-target_byte_diagnostics-00029,target_byte_diagnostics,True,2.509098042,0.0,9.098042,,,,,
scientific-target_byte_diagnostics-00030,target_byte_diagnostics,True,15.00906675,,9.06675,,,,,
scientific-target_byte_diagnostics-00031,target_byte_diagnostics,True,2.759107916,1.006,9.107916,,,,,
scientific-target_byte_diagnostics-00032,target_byte_diagnostics,True,5.00908925,,9.08925,,,,,
scientific-target_byte_diagnostics-00033,target_byte_diagnostics,True,15.009093875,,9.093875,,,,,
scientific-target_byte_diagnostics-00034,target_byte_diagnostics,True,2.759107667,1.0022999999999993,9.107667,,,,,
scientific-target_byte_diagnostics-00035,target_byte_diagnostics,True,5.008629375,,8.629375,,,,,
scientific-target_byte_diagnostics-00036,target_byte_diagnostics,True,2.509091375,0.0002999999999992724,9.091375,,,,,
scientific-target_byte_diagnostics-00037,target_byte_diagnostics,True,2.759101958,1.0004000000000015,9.101958,,,,,
scientific-target_byte_diagnostics-00038,target_byte_diagnostics,True,5.009120083,,9.120083,,,,,
scientific-target_byte_diagnostics-00039,target_byte_diagnostics,True,15.009065583,,9.065583,,,,,
scientific-target_byte_diagnostics-00040,target_byte_diagnostics,True,2.509062208,0.0002999999999992724,9.062208,,,,,
scientific-trace_category_timelines-00001,trace_category_timelines,True,15.009074958,,9.074958,,,,,
scientific-trace_category_timelines-00002,trace_category_timelines,True,5.004076625,,4.076625,,,,,
scientific-trace_category_timelines-00003,trace_category_timelines,False,,1.0001000000000004,,,,,,
scientific-trace_category_timelines-00004,trace_category_timelines,False,,,,,,,,
scientific-trace_category_timelines-00005,trace_category_timelines,True,5.00407525,,4.07525,,,,,
scientific-trace_category_timelines-00006,trace_category_timelines,True,15.004091667,,4.091667,,,,,
scientific-trace_category_timelines-00007,trace_category_timelines,True,2.504073083,0.0001000000000003638,4.073083,,,,,
scientific-trace_category_timelines-00008,trace_category_timelines,True,2.754062542,1.001,4.062542,,,,,
scientific-trace_category_timelines-00009,trace_category_timelines,True,15.004065209,,4.065209,,,,,
scientific-trace_category_timelines-00010,trace_category_timelines,True,2.504068959,0.0002000000000007276,4.068959,,,,,
scientific-trace_category_timelines-00011,trace_category_timelines,True,5.004072208,,4.072208,,,,,
scientific-trace_category_timelines-00012,trace_category_timelines,True,2.754061042,0.9998000000000011,4.061042,,,,,
scientific-trace_category_timelines-00013,trace_category_timelines,True,2.509079708,0.0002000000000007276,9.079708,,,,,
scientific-trace_category_timelines-00014,trace_category_timelines,False,,1.0056000000000003,,,,,,
scientific-trace_category_timelines-00015,trace_category_timelines,True,5.009073291,,9.073291,,,,,
scientific-trace_category_timelines-00016,trace_category_timelines,True,15.009102208,,9.102208,,,,,
scientific-trace_category_timelines-00017,trace_category_timelines,True,2.759072208,1.0107999999999993,9.072208,,,,,
scientific-trace_category_timelines-00018,trace_category_timelines,True,2.509210834,0.0001000000000003638,9.210834,,,,,
scientific-trace_category_timelines-00019,trace_category_timelines,True,5.004075,,4.075,,,,,
scientific-trace_category_timelines-00020,trace_category_timelines,False,,,,,,,,
